Name,Hash,Id,Tag,Tier,Type,Source,Equippable,Power,Power Limit,Energy Capacity,Owner,Locked,Equipped,Year,Season,Event,Mobility,Resilience,Recovery,Discipline,Intellect,Strength,Total,Mobility (Base),Resilience (Base),Recovery (Base),Discipline (Base),Intellect (Base),Strength (Base),Total (Base),Seasonal Mod,Loadouts,Notes,Perks 0,Perks 1,Perks 2,Perks 3,Perks 4,Perks 5,Perks 6,Perks 7,Perks 8,Perks 9,Perks 10,Perks 11,Perks 12
Noble Constant Type 2,2066872758,"""6917529875393861209""",favorite,Legendary,Helmet,ikora,Titan,1760,,4,Titan(1809),true,false,4,12,,25,2,2,12,12,6,59,25,2,2,12,12,6,59,,,,Upgrade Armor*,*,*,*,*,,,,,,,,
Candescent Helm,3967067356,"""6917529801607841603""",favorite,Legendary,Helmet,events,Titan,1600,,9,Titan(1809),true,false,5,17,Solstice,12,20,2,7,21,2,64,12,20,2,7,21,2,64,,,,Upgrade Armor*,*,*,*,*,Lost Pacific Helm*,,,,,,,
Thunderhead Helm,231118249,"""6917529887836554845""",,Legendary,Helmet,neomuna,Titan,1788,,1,Titan(1809),false,false,6,20,,6,6,10,12,6,6,46,6,6,10,12,6,6,46,,,,Upgrade Armor*,*,*,*,*,,,,,,,,
Torobatl Celebration Mask,64566999,"""6917529887820701551""",,Legendary,Helmet,tangled,Titan,1789,,1,Titan(1809),false,false,4,12,,10,7,8,2,12,12,51,10,7,8,2,12,12,51,,,,Upgrade Armor*,*,*,*,*,,,,,,,,
Noble Constant Type 2,2066872758,"""6917529887850571746""",,Legendary,Helmet,ikora,Titan,1784,,1,Titan(1809),false,false,4,12,,8,6,13,10,9,9,55,8,6,13,10,9,9,55,,,,Upgrade Armor*,*,*,*,*,,,,,,,,
Prodigal Gauntlets,2610240827,"""6917529887335195422""",,Legendary,Gauntlets,legendaryengram,Titan,1784,,4,Titan(1809),false,false,4,15,,12,2,10,2,13,11,50,12,2,10,2,13,11,50,,,,Upgrade Armor*,*,*,*,*,,,,,,,,
Unyielding Favor Gauntlets,428806571,"""6917529887836559583""",,Legendary,Gauntlets,seasonpass,Titan,1789,,3,Titan(1809),false,false,6,20,,2,12,18,15,10,7,64,2,12,18,15,10,7,64,,,,Upgrade Armor*,*,*,*,*,Queen's Favor*,,,,,,,
Noble Constant Type 2,3229389575,"""6917529887831453620""",,Legendary,Gauntlets,ikora,Titan,1777,,3,Titan(1809),false,false,4,12,,8,11,7,13,7,9,55,8,11,7,13,7,9,55,,,,Upgrade Armor*,*,*,*,*,,,,,,,,
Tangled Web Gauntlets,946219692,"""6917529887844033063""",,Legendary,Gauntlets,legendaryengram,Titan,1792,,2,Titan(1809),false,false,4,15,,2,14,10,15,2,10,53,2,14,10,15,2,10,53,,,,Upgrade Armor*,*,*,*,*,,,,,,,,
Noble Constant Type 2,4258405681,"""6917529887817280025""",,Legendary,Chest Armor,ikora,Titan,1794,,2,Titan(1809),false,false,4,12,,2,18,8,13,6,9,56,2,18,8,13,6,9,56,,,,Upgrade Armor*,*,*,*,*,,,,,,,,
Kerak Type 2,2038956436,"""6917529887836559680""",,Legendary,Chest Armor,legendaryengram,Titan,1795,,3,Titan(1809),false,false,4,12,,12,10,8,2,14,10,56,12,10,8,2,14,10,56,,,,Upgrade Armor*,*,*,*,*,,,,,,,,
Moonfang-X7 Chassis,1571337215,"""6917529887870688744""",,Legendary,Chest Armor,dungeon,Titan,1796,,1,Titan(1809),false,false,3,11,,13,6,10,16,8,8,61,13,6,10,16,8,8,61,,,,Upgrade Armor*,*,*,*,*,,,,,,,,
Devastation Complex,385985080,"""6917529888334747241""",,Legendary,Chest Armor,legendaryengram,Titan,1796,,4,Titan(1809),false,false,4,15,,18,2,7,8,6,12,53,18,2,7,8,6,12,53,,,,Upgrade Armor*,*,*,*,*,,,,,,,,
Warmind's Avatar Chestplate,839296981,"""6917529852856352123""",favorite,Legendary,Chest Armor,rasputin,Titan,1772,,10,Titan(1809),true,false,5,19,,4,32,4,27,12,8,87,2,30,2,15,10,6,65,,,,Discipline Mod*,Charged Up*,Charged Up*,Vanguard Marshal*,Upgrade Armor*,*,*,*,*,Crystocrene Plate*,Seraph Sensor Array*,,
Unyielding Favor Greaves,1903444925,"""6917529887836557957""",,Legendary,Leg Armor,seasonpass,Titan,1790,,3,Titan(1809),false,false,6,20,,2,12,18,15,15,2,64,2,12,18,15,15,2,64,,,,Upgrade Armor*,*,*,*,*,Queen's Favor*,,,,,,,
Retro-Grade TG2,2730285281,"""6917529887844035358""",,Legendary,Leg Armor,legendaryengram,Titan,1773,,2,Titan(1809),false,false,4,15,,7,7,14,17,6,2,53,7,7,14,17,6,2,53,,,,Upgrade Armor*,*,*,*,*,,,,,,,,
Crushing Greaves (CODA),1219883244,"""6917529887870682546""",,Legendary,Leg Armor,dungeon,Titan,1802,,2,Titan(1809),false,false,3,11,,2,10,20,14,14,2,62,2,10,20,14,14,2,62,,,,Upgrade Armor*,*,*,*,*,,,,,,,,
Kerak Type 2,623912054,"""6917529888326291299""",,Legendary,Leg Armor,legendaryengram,Titan,1797,,1,Titan(1809),false,false,4,12,,8,11,6,6,13,6,50,8,11,6,6,13,6,50,,,,Upgrade Armor*,*,*,*,*,,,,,,,,
Greaves of Agony,3846650177,"""6917529888321676942""",,Legendary,Leg Armor,nightmare,Titan,1803,,2,Titan(1809),false,false,6,20,,20,2,9,19,2,9,61,20,2,9,19,2,9,61,rootofnightmares,,,Upgrade Armor*,*,*,*,*,,,,,,,,
Greaves of Agony,3846650177,"""6917529888353276710""",,Legendary,Leg Armor,nightmare,Titan,1802,,1,Titan(1809),false,false,6,20,,6,10,14,21,2,9,62,6,10,14,21,2,9,62,rootofnightmares,,,Upgrade Armor*,*,*,*,*,,,,,,,,
Abeyant Leap,3637722482,"""6917529875951199824""",,Exotic,Leg Armor,lostsectors,Titan,1781,,8,Titan(1809),false,false,6,20,,6,16,12,16,10,12,72,6,16,12,11,10,12,67,,,,Minor Discipline Mod*,Void Weapon Surge*,Void Weapon Surge*,Void Weapon Surge*,Vanguard Marshal*,Upgrade Armor*,*,*,*,*,Puppeteer's Control*,,
Unyielding Favor Mark,1968283192,"""6917529887836558160""",,Legendary,Titan Mark,seasonpass,Titan,1787,,3,Titan(1809),false,false,6,20,,0,0,0,0,0,0,0,0,0,0,0,0,0,0,,,,Upgrade Armor*,Queen's Favor*,,,,,,,,,,,
Moonfang-X7 Mark,3242850062,"""6917529887859011653""",,Legendary,Titan Mark,dungeon,Titan,1795,,5,Titan(1809),false,false,3,11,,0,0,0,0,0,0,0,0,0,0,0,0,0,0,,,,Upgrade Armor*,,,,,,,,,,,,
Noble Constant Mark,2158868172,"""6917529875937295336""",,Legendary,Titan Mark,ikora,Titan,1772,,2,Titan(1809),false,false,4,12,,0,0,0,0,0,0,0,0,0,0,0,0,0,0,,,,Upgrade Armor*,,,,,,,,,,,,
Mark of the Colliders,249698874,"""6917529888340487512""",,Legendary,Titan Mark,,Titan,1798,,4,Titan(1809),false,false,4,12,,0,0,0,0,0,0,0,0,0,0,0,0,0,0,,,,Upgrade Armor*,,,,,,,,,,,,
Warmind's Avatar Helm,1059446290,"""6917529851555016070""",favorite,Legendary,Helmet,rasputin,Titan,1797,,10,Titan(1809),true,true,5,19,,4,32,4,14,12,24,90,2,30,2,2,10,22,68,,,,Discipline Mod*,Kinetic Siphon*,Arc Siphon*,Velvet Intention*,Upgrade Armor*,*,*,*,*,Lost Pacific Helm*,Seraph Sensor Array*,,
Candescent Gauntlets,1068450901,"""6917529799229650906""",infuse,Legendary,Gauntlets,events,Titan,1794,,10,Titan(1809),true,true,5,17,Solstice,4,24,10,18,14,12,82,2,22,8,6,12,10,60,,UO GM,,Discipline Mod*,Grenade Kickstart*,Void Loader*,Firepower*,Velvet Intention*,Upgrade Armor*,*,*,*,*,Starfarer's Gauntlets*,,
Cuirass of the Falling Star,2321120637,"""6917529405079349872""",keep,Exotic,Chest Armor,lostsectors,Titan,1789,,10,Titan(1809),false,true,4,13,,9,12,17,9,15,16,78,7,10,15,2,13,14,61,,,,Minor Discipline Mod*,Charged Up*,Charged Up*,Charged Up*,Velvet Intention*,Upgrade Armor*,*,*,*,*,Terminus Emissary*,Glorious Charge*,
Photosuede Greaves,2143618030,"""6917529709873594083""",favorite,Legendary,Leg Armor,strikes,Titan,1797,,10,Titan(1809),true,true,5,16,,11,20,4,4,9,24,72,9,18,2,2,7,22,60,,UO GM,,Recuperation*,Arc Weapon Surge*,Arc Weapon Surge*,Velvet Intention*,Upgrade Armor*,*,*,*,*,Crystocrene Greaves*,,,
Mark of the Unassailable,3207244009,"""6917529350837672028""",,Legendary,Titan Mark,legendaryengram,Titan,1789,,10,Titan(1809),true,true,4,12,,2,2,2,7,2,2,17,0,0,0,0,0,0,0,,UO GM,,Minor Discipline Mod*,Time Dilation*,Time Dilation*,Time Dilation*,Velvet Intention*,Upgrade Armor*,Gensym Knight Mark*,,,,,,
Mask of Trepidation,3810243376,"""6917529890657573879""",,Legendary,Helmet,nightmare,Hunter,1807,,2,Hunter(1817),true,false,6,20,,12,18,2,24,6,2,64,12,18,2,24,6,2,64,rootofnightmares,,,Upgrade Armor*,*,*,*,*,,,,,,,,
Prodigal Mask,3605448950,"""6917529890662529488""",,Legendary,Helmet,legendaryengram,Hunter,1800,,1,Hunter(1817),false,false,4,15,,2,17,6,2,10,13,50,2,17,6,2,10,13,50,,,,Upgrade Armor*,*,*,*,*,,,,,,,,
Frumious Grips,3967899461,"""6917529890681500140""",,Legendary,Gauntlets,ikora,Hunter,1805,,2,Hunter(1817),false,false,4,12,,12,12,2,14,11,2,53,12,12,2,14,11,2,53,,,,Upgrade Armor*,*,*,*,*,,,,,,,,
Prodigal Grasps,514472007,"""6917529889855883382""",,Legendary,Gauntlets,legendaryengram,Hunter,1800,,2,Hunter(1817),false,false,4,15,,10,2,12,7,17,7,55,10,2,12,7,17,7,55,,,,Upgrade Armor*,*,*,*,*,,,,,,,,
Resonant Fury Grips,1583213254,"""6917529890641498831""",,Legendary,Gauntlets,votd,Hunter,1800,,3,Hunter(1817),false,false,5,16,,6,21,2,9,7,15,60,6,21,2,9,7,15,60,vowofthedisciple,,,Upgrade Armor*,*,*,*,*,,,,,,,,
Grips of Trepidation,3608027009,"""6917529890675659682""",,Legendary,Gauntlets,nightmare,Hunter,1808,,5,Hunter(1817),false,false,6,20,,16,11,2,17,14,2,62,16,11,2,17,14,2,62,rootofnightmares,,,Upgrade Armor*,*,*,*,*,,,,,,,,
Resonant Fury Grips,1583213254,"""6917529886643900910""",junk,Legendary,Gauntlets,votd,Hunter,1800,,2,Hunter(1817),false,false,5,16,,20,2,8,17,8,6,61,20,2,8,17,8,6,61,vowofthedisciple,,,Upgrade Armor*,*,*,*,*,,,,,,,,
Unyielding Favor Grips,164103153,"""6917529887775192082""",junk,Legendary,Gauntlets,seasonpass,Hunter,1800,,6,Hunter(1817),false,false,6,20,,17,2,10,18,2,8,57,17,2,10,18,2,8,57,,,,Upgrade Armor*,*,*,*,*,Queen's Favor*,,,,,,,
Errant Knight 1.0,215674186,"""6917529887214148009""",junk,Legendary,Gauntlets,legendaryengram,Hunter,1800,,4,Hunter(1817),false,false,4,12,,17,7,2,6,18,2,52,17,7,2,6,18,2,52,,,,Upgrade Armor*,*,*,*,*,,,,,,,,
Athrys's Embrace,2415768376,"""6917529890697349475""",,Exotic,Gauntlets,lostsectors,Hunter,1806,,1,Hunter(1817),false,false,4,12,,8,13,10,12,2,14,59,8,13,10,12,2,14,59,,,,Upgrade Armor*,*,*,*,*,Skittering Stinger*,,,,,,,
Frumious Grips,3967899461,"""6917529889495747332""",junk,Legendary,Gauntlets,ikora,Hunter,1800,,4,Hunter(1817),false,false,4,12,,10,18,2,2,19,6,57,10,18,2,2,19,6,57,,,,Upgrade Armor*,*,*,*,*,,,,,,,,
Scorned Baron Vest,988607392,"""6917529887865948439""",junk,Legendary,Chest Armor,tangled,Hunter,1800,,1,Hunter(1817),false,false,4,12,,12,12,2,7,16,6,55,12,12,2,7,16,6,55,,,,Upgrade Armor*,*,*,*,*,,,,,,,,
Vest of Trepidation,2787963735,"""6917529886234691513""",junk,Legendary,Chest Armor,nightmare,Hunter,1804,,1,Hunter(1817),false,false,6,20,,17,6,9,2,21,9,64,17,6,9,2,21,9,64,rootofnightmares,,,Upgrade Armor*,*,*,*,*,,,,,,,,
Vest of Trepidation,2787963735,"""6917529886264839106""",junk,Legendary,Chest Armor,nightmare,Hunter,1804,,3,Hunter(1817),false,false,6,20,,12,8,9,16,2,14,61,12,8,9,16,2,14,61,rootofnightmares,,,Upgrade Armor*,*,*,*,*,,,,,,,,
TM-Earp Custom Vest,597199405,"""6917529887253375572""",junk,Legendary,Chest Armor,dungeon,Hunter,1800,,1,Hunter(1817),false,false,5,19,,22,8,2,7,20,6,65,22,8,2,7,20,6,65,,,,Upgrade Armor*,*,*,*,*,,,,,,,,
Gyrfalcon's Hauberk,461841403,"""6917529861079810335""",,Exotic,Chest Armor,lostsectors,Hunter,1803,,10,Hunter(1817),true,false,5,18,,13,19,4,9,9,19,73,11,17,2,7,7,17,61,,"GM V RDS UO, Void",,Arc Resistance*,Arc Resistance*,Arc Resistance*,Sinking Feeling*,Upgrade Armor*,*,*,*,*,"See Me, Feel Me*",,,
Unyielding Favor Vest,3995603239,"""6917529889837083969""",,Legendary,Chest Armor,seasonpass,Hunter,1805,,3,Hunter(1817),false,false,6,20,,22,2,8,2,19,9,62,22,2,8,2,19,9,62,,,,Upgrade Armor*,*,*,*,*,Queen's Favor*,,,,,,,
Radiant Dance Machines,1702288800,"""6917529889523941839""",,Exotic,Leg Armor,lostsectors,Hunter,1805,,1,Hunter(1817),false,false,4,15,,15,13,2,10,2,19,61,15,13,2,10,2,19,61,,,,Upgrade Armor*,*,*,*,*,The Dance*,,,,,,,
Icarus Drifter Legs,4064910796,"""6917529887878364069""",junk,Legendary,Leg Armor,legendaryengram,Hunter,1800,,5,Hunter(1817),false,false,3,11,,12,2,13,2,20,7,56,12,2,13,2,20,7,56,,,,Upgrade Armor*,*,*,*,*,,,,,,,,
Frumious Strides,20158663,"""6917529890697345454""",,Legendary,Leg Armor,ikora,Hunter,1800,,1,Hunter(1817),false,false,4,12,,16,10,2,13,12,2,55,16,10,2,13,12,2,55,,,,Upgrade Armor*,*,*,*,*,,,,,,,,
Red Moon Phantom Steps,1649776522,"""6917529887749898044""",junk,Legendary,Leg Armor,legendaryengram,Hunter,1804,,1,Hunter(1817),false,false,4,13,,21,6,2,7,6,14,56,21,6,2,7,6,14,56,,,,Upgrade Armor*,*,*,*,*,,,,,,,,
Dead End Cure 2.1,2805231813,"""6917529887758161896""",junk,Legendary,Leg Armor,legendaryengram,Hunter,1804,,1,Hunter(1817),false,false,4,15,,12,7,7,19,2,9,56,12,7,7,19,2,9,56,,,,Upgrade Armor*,*,*,*,*,,,,,,,,
Deep Explorer Strides,2724719415,"""6917529876503422780""",favorite,Legendary,Leg Armor,duality,Hunter,1800,,10,Hunter(1817),false,false,5,17,,8,23,4,20,4,16,75,6,21,2,15,2,14,60,artifice,Void,,Solar Weapon Surge*,Solar Weapon Surge*,Solar Weapon Surge*,Regal Daring*,Upgrade Armor*,*,*,*,*,Iron Forerunner Strides*,Discipline-Forged*,Artifice Armor*,
Dead End Cure 2.1,2805231813,"""6917529889831516861""",,Legendary,Leg Armor,legendaryengram,Hunter,1805,,1,Hunter(1817),false,false,4,15,,13,2,13,21,8,2,59,13,2,13,21,8,2,59,,,,Upgrade Armor*,*,*,*,*,,,,,,,,
Radiant Dance Machines,1702288800,"""6917529889855884593""",,Exotic,Leg Armor,lostsectors,Hunter,1805,,1,Hunter(1817),false,false,4,15,,15,14,2,7,16,10,64,15,14,2,7,16,10,64,,,,Upgrade Armor*,*,*,*,*,The Dance*,,,,,,,
Cloak of Temptation,3549177695,"""6917529198308847407""",,Legendary,Hunter Cloak,garden,Hunter,1783,,10,Hunter(1817),true,false,3,11,,2,2,2,2,2,2,12,0,0,0,0,0,0,0,gardenofsalvation,pvp,,Time Dilation*,Time Dilation*,Time Dilation*,Skele-Ghaul*,Upgrade Armor*,Resonant Fury Cloak*,,,,,,,
Insight Rover Boots,2905153902,"""6917529889535159939""",,Legendary,Leg Armor,legendaryengram,Hunter,1805,,1,Hunter(1817),false,false,3,11,,16,6,2,11,8,7,50,16,6,2,11,8,7,50,,,,Upgrade Armor*,*,*,*,*,,,,,,,,
Raiju's Harness,2268523867,"""6917529889862294049""",,Exotic,Chest Armor,,Hunter,1805,,1,Hunter(1817),false,false,3,10,,23,7,2,2,15,14,63,23,7,2,2,15,14,63,,,,Upgrade Armor*,*,*,*,*,Mobius Conduit*,,,,,,,
Deep Explorer Mask,4047213660,"""6917529876540241880""",favorite,Legendary,Helmet,duality,Hunter,1805,,10,Hunter(1817),true,true,5,17,,9,32,8,27,8,4,88,7,17,6,25,6,2,63,artifice,"Void, Beta, Arc, Vanguard",,Resilience Mod*,Solar Siphon*,Heavy Ammo Scout*,Heavy Ammo Finder*,Springtide Faint*,Upgrade Armor*,*,*,*,*,Mask of Trepidation*,Resilience-Forged*,Artifice Armor*
Deep Explorer Grasps,1148597205,"""6917529876482273090""",favorite,Legendary,Gauntlets,duality,Hunter,1802,,10,Hunter(1817),true,true,5,17,,9,39,4,23,4,12,91,7,24,2,21,2,10,66,artifice,"Void, Vanguard",,Resilience Mod*,Firepower*,Heavy Handed*,Springtide Faint*,Upgrade Armor*,*,*,*,*,Unyielding Favor Grips*,Resilience-Forged*,Artifice Armor*,
The Sixth Coyote,1474735277,"""6917529861027224613""",keep,Exotic,Chest Armor,,Hunter,1804,,10,Hunter(1817),false,true,2,4,,20,21,9,4,8,28,90,18,9,7,2,6,26,68,,Vanguard,,Resilience Mod*,Solar Resistance*,Charged Up*,Solar Reserves*,Springtide Faint*,Upgrade Armor*,*,*,*,*,Vallhund*,Double Dodge*,
TM-Earp Custom Chaps,2839517205,"""6917529858801133909""",favorite,Legendary,Leg Armor,dungeon,Hunter,1807,,10,Hunter(1817),true,true,5,19,,14,19,4,27,8,9,81,12,17,2,20,6,7,64,,"Strike, Vanguard",,Minor Discipline Mod*,Solar Weapon Surge*,Solar Weapon Surge*,Solar Weapon Surge*,Springtide Faint*,Upgrade Armor*,*,*,*,*,Iron Forerunner Strides*,,
Deep Explorer Cloak,2797334754,"""6917529876474130174""",,Legendary,Hunter Cloak,duality,Hunter,1806,,10,Hunter(1817),false,true,5,17,,2,2,2,10,2,2,20,0,0,0,0,0,0,0,artifice,"Void, Strike, PvP, Beta, Arc, Vanguard",,Minor Discipline Mod*,Time Dilation*,Time Dilation*,Time Dilation*,Springtide Faint*,Upgrade Armor*,Seventh Seraph Cloak*,Discipline-Forged*,Artifice Armor*,,,,
Thunderhead Cover,2832296494,"""6917529887685786485""",,Legendary,Helmet,neomuna,Warlock,1793,,1,Warlock(1799),false,false,6,20,,6,6,10,12,6,6,46,6,6,10,12,6,6,46,,,,Upgrade Armor*,*,*,*,*,,,,,,,,
Philomath Cover,1196270212,"""6917529888483455806""",,Legendary,Helmet,legendaryengram,Warlock,1795,,1,Warlock(1799),false,false,4,12,,8,21,2,14,2,13,60,8,21,2,14,2,13,60,,,,Upgrade Armor*,*,*,*,*,,,,,,,,
Resonant Fury Cowl,2316722050,"""6917529719999867459""",favorite,Legendary,Helmet,votd,Warlock,1787,,10,Warlock(1799),true,false,5,16,,8,17,11,32,8,8,84,6,15,9,20,6,6,62,vowofthedisciple,,,Discipline Mod*,Kinetic Siphon*,Heavy Ammo Finder*,Heavy Ammo Scout*,Scintillant Trajectory*,Upgrade Armor*,*,*,*,*,Arclight Hood*,,
Wraps of Detestation,2445962586,"""6917529888490613796""",,Legendary,Gauntlets,nightmare,Warlock,1802,,1,Warlock(1799),false,false,6,20,,7,14,12,10,19,2,64,7,14,12,10,19,2,64,rootofnightmares,,,Upgrade Armor*,*,*,*,*,,,,,,,,
Warmind's Avatar Gloves,1259550198,"""6917529850953991551""",favorite,Legendary,Gauntlets,rasputin,Warlock,1789,,10,Warlock(1799),true,false,5,19,,4,24,12,28,8,12,88,2,22,10,16,6,10,66,,,,Discipline Mod*,Scintillant Trajectory*,Upgrade Armor*,*,*,*,*,Seraph Sensor Array*,,,,,
Sunbracers,3787517196,"""6917529574679083099""",keep,Exotic,Gauntlets,,Warlock,1791,,6,Warlock(1799),false,false,1,1,,3,11,19,31,2,10,76,3,11,19,21,2,10,66,,Epsilon,,Discipline Mod*,Momentum Transfer*,Fastball*,Firepower*,Upgrade Armor*,*,*,*,*,Helium Spirals*,,,
Wraps of Detestation,2445962586,"""6917529888490620892""",,Legendary,Gauntlets,nightmare,Warlock,1797,,4,Warlock(1799),false,false,6,20,,18,12,2,2,19,12,65,18,12,2,2,19,12,65,rootofnightmares,,,Upgrade Armor*,*,*,*,*,,,,,,,,
Warmind's Avatar Robes,2710316218,"""6917529855337207783""",favorite,Legendary,Chest Armor,rasputin,Warlock,1793,,10,Warlock(1799),true,false,5,19,,4,32,4,24,12,11,87,2,30,2,12,10,9,65,,Epsilon,,Discipline Mod*,Charged Up*,Charged Up*,Solar Reserves*,Upgrade Armor*,*,*,*,*,Seraph Sensor Array*,,,
Legacy's Oath Robes,3975122240,"""6917529878405932095""",favorite,Legendary,Chest Armor,deepstonecrypt,Warlock,1782,,3,Warlock(1799),true,false,4,12,,2,13,14,21,2,8,60,2,13,14,21,2,8,60,deepstonecrypt,,,Scintillant Trajectory*,Upgrade Armor*,*,*,*,*,,,,,,,
Candescent Robes,2566083804,"""6917529804980451619""",favorite,Legendary,Chest Armor,events,Warlock,1770,,10,Warlock(1799),true,false,5,17,Solstice,4,28,8,9,8,21,78,2,26,6,7,6,19,66,,Solar Warlock,,Charged Up*,Solar Reserves*,Solar Reserves*,Rustberry*,Upgrade Armor*,*,*,*,*,Meridian Constellation Robe*,,,
Ego Talon IV,1390681142,"""6917529888504173673""",,Legendary,Chest Armor,ikora,Warlock,1797,,5,Warlock(1799),false,false,4,12,,8,19,2,7,14,6,56,8,19,2,7,14,6,56,,,,Upgrade Armor*,*,*,*,*,,,,,,,,
Ketchkiller's Boots,2030782835,"""6917529838629166563""",favorite,Legendary,Leg Armor,plunder,Warlock,1600,,10,Warlock(1799),true,false,5,18,,8,18,24,24,12,4,90,6,6,22,22,10,2,68,,,,Resilience Mod*,Solar Weapon Surge*,Solar Weapon Surge*,Solar Weapon Surge*,Erebos Glance*,Upgrade Armor*,*,*,*,*,Legacy's Oath Boots*,,
Heiro Camo,2984725960,"""6917529887679880896""",,Legendary,Leg Armor,legendaryengram,Warlock,1794,,1,Warlock(1799),false,false,4,15,,8,10,7,12,8,6,51,8,10,7,12,8,6,51,,,,Upgrade Armor*,*,*,*,*,,,,,,,,
Swarmers,2463947681,"""6917529871798985101""",,Exotic,Leg Armor,lostsectors,Warlock,1789,,10,Warlock(1799),false,false,6,20,,8,12,18,13,12,14,77,6,10,16,11,10,12,65,,,,Kinetic Weapon Surge*,Kinetic Weapon Surge*,Kinetic Weapon Surge*,Scintillant Trajectory*,Upgrade Armor*,*,*,*,*,Swarmers*,,,
Thorium Holt Bond,1047593364,"""6917529880518277518""",,Legendary,Warlock Bond,legendaryengram,Warlock,1788,,5,Warlock(1799),false,false,4,13,,0,0,0,0,0,0,0,0,0,0,0,0,0,0,,,,Upgrade Armor*,,,,,,,,,,,,
Unyielding Favor Bond,1159113819,"""6917529886686746822""",,Legendary,Warlock Bond,seasonpass,Warlock,1794,,3,Warlock(1799),false,false,6,20,,0,0,0,0,0,0,0,0,0,0,0,0,0,0,,,,Upgrade Armor*,Queen's Favor*,,,,,,,,,,,
Unyielding Favor Bond,1159113819,"""6917529880548585674""",,Legendary,Warlock Bond,seasonpass,Warlock,1789,,2,Warlock(1799),false,false,6,20,,0,0,0,0,0,0,0,0,0,0,0,0,0,0,,,,Upgrade Armor*,Queen's Favor*,,,,,,,,,,,
Legacy's Oath Cowl,1462908657,"""6917529878447754732""",favorite,Legendary,Helmet,deepstonecrypt,Warlock,1786,,10,Warlock(1799),true,true,4,12,,4,22,13,28,14,8,89,2,20,11,16,12,6,67,deepstonecrypt,"Solar, Epsilon",,Discipline Mod*,Powerful Friends*,Heavy Ammo Finder*,Heavy Ammo Scout*,Whispered Sheen*,Upgrade Armor*,*,*,*,*,Streetscholar Cover*,,
Grasp of Eir,3398467185,"""6917529843745531004""",favorite,Legendary,Gauntlets,kf,Warlock,1783,,10,Warlock(1799),true,true,5,18,,4,25,9,32,14,4,88,2,23,7,20,12,2,66,kingsfall,Solar,,Discipline Mod*,Solar Loader*,Heavy Handed*,Firepower*,Upgrade Armor*,*,*,*,*,,,,
Starfire Protocol,2082483156,"""6917529838623192930""",,Exotic,Chest Armor,,Warlock,1790,,10,Warlock(1799),false,true,1,1,,8,28,6,25,10,12,89,6,26,4,13,8,10,67,,Solar,,Discipline Mod*,Solar Reserves*,Charged Up*,Charged Up*,Gambit Jadestone*,Upgrade Armor*,*,*,*,*,Fusion Harness*,,
Candescent Boots,2022821262,"""6917529804952833563""",favorite,Legendary,Leg Armor,events,Warlock,1789,,10,Warlock(1799),true,true,5,17,Solstice,4,29,4,26,10,8,81,2,27,2,14,8,6,59,,"Solar, Epsilon",,Discipline Mod*,Solar Weapon Surge*,Solar Weapon Surge*,Solar Weapon Surge*,Regal Daring*,Upgrade Armor*,*,*,*,*,Legacy's Oath Boots*,,
Legacy's Oath Bond,2902277629,"""6917529878402352342""",,Legendary,Warlock Bond,deepstonecrypt,Warlock,1789,,10,Warlock(1799),false,true,4,12,,2,7,2,2,2,2,17,0,0,0,0,0,0,0,deepstonecrypt,"Solar, Epsilon",,Minor Resilience Mod*,Outreach*,Time Dilation*,Time Dilation*,Scintillant Trajectory*,Upgrade Armor*,Streetscholar Bond*,,,,,,
Celestial Nighthawk,1321354573,"""6917529889837083655""",,Exotic,Helmet,,Hunter,1805,,1,Vault,false,false,1,1,,17,10,7,6,16,9,65,17,10,7,6,16,9,65,,,,Upgrade Armor*,*,*,*,*,Hawkeye Hack*,,,,,,,
Deep Explorer Helmet,2610749098,"""6917529803835098081""",favorite,Legendary,Helmet,duality,Titan,1600,,10,Vault,true,false,5,17,,24,10,4,20,4,14,76,22,8,2,18,2,12,64,,,,Flower Child*,Upgrade Armor*,*,*,*,*,Northlight Helm*,,,,,,
Liar's Handshake,4165919945,"""6917529513018642472""",keep,Exotic,Gauntlets,,Hunter,1600,,10,Vault,true,false,2,6,,6,23,11,22,8,8,78,4,21,9,20,6,6,66,,,,Deprecated Armor Mod*,Rivalry Resolute*,Upgrade Armor*,*,*,*,*,Cross Counter*,,,,,
War Numen's Crown,26254737,"""6917529820955977031""",favorite,Legendary,Helmet,kf,Titan,1600,,2,Vault,true,false,5,18,,21,2,9,6,7,19,64,21,2,9,6,7,19,64,kingsfall,,,Upgrade Armor*,*,*,*,*,,,,,,,,
Deep Explorer Hood,630469185,"""6917529772430829048""",favorite,Legendary,Helmet,duality,Warlock,1600,,2,Vault,true,false,5,17,,2,2,29,2,6,25,66,2,2,29,2,6,25,66,,,,Upgrade Armor*,*,*,*,*,,,,,,,,
Dawn Chorus,2316914168,"""6917529619403383897""",keep,Exotic,Helmet,lostsectors,Warlock,1600,,8,Vault,false,false,4,12,,8,2,21,2,10,20,63,8,2,21,2,10,20,63,,,,Upgrade Armor*,*,*,*,*,Rites of Ember*,,,,,,,
Oathkeeper,691578978,"""6917529846245191910""",keep,Exotic,Gauntlets,,Hunter,1600,,1,Vault,false,false,2,4,,13,2,18,14,7,8,62,13,2,18,14,7,8,62,,,,Upgrade Armor*,*,*,*,*,Adamantine Brace*,,,,,,,
Red Moon Phantom Grips,1291141296,"""6917529532568546896""",archive,Legendary,Gauntlets,legendaryengram,Hunter,1746,,10,Vault,false,false,4,13,,4,28,8,14,18,8,80,2,26,6,12,16,6,68,,Arc Heist All Champs,,Spectral Indigo*,Upgrade Armor*,*,*,*,*,Deimosborn Grips*,,,,,,
Iron Forerunner Boots,2247299560,"""6917529619324061406""",favorite,Legendary,Leg Armor,ironbanner,Warlock,1600,,2,Vault,true,false,4,15,,2,9,19,9,7,16,62,2,9,19,9,7,16,62,,,,Breezy Clear*,Upgrade Armor*,*,*,*,*,Iron Lord's Pride*,,,,,,
Ophidia Spathe,978537162,"""6917529861154973439""",keep,Exotic,Chest Armor,,Hunter,1600,,4,Vault,false,false,1,3,,8,18,9,18,2,13,68,8,18,9,18,2,13,68,,,,Upgrade Armor*,*,*,*,*,Scissor Fingers*,,,,,,,
Unyielding Favor Grips,164103153,"""6917529880483009465""",archive,Legendary,Gauntlets,seasonpass,Hunter,1789,,2,Vault,true,false,6,20,,10,12,12,16,12,6,68,10,12,12,16,12,6,68,,,,Upgrade Armor*,*,*,*,*,Queen's Favor*,,,,,,,
Tesseract Trace IV,1655109893,"""6917529748527135157""",favorite,Legendary,Leg Armor,legendaryengram,Warlock,1600,,1,Vault,true,false,3,11,,2,2,23,2,13,11,53,2,2,23,2,13,11,53,,,,Upgrade Armor*,*,*,*,*,,,,,,,,
Gauntlets of Exaltation,964752083,"""6917529543896680220""",keep,Legendary,Gauntlets,garden,Titan,1600,,10,Vault,true,false,4,12,,14,14,12,18,18,4,80,12,12,10,16,16,2,68,gardenofsalvation,,,Upgrade Armor*,*,*,*,*,,,,,,,,
Iron Forerunner Boots,2247299560,"""6917529619081310494""",favorite,Legendary,Leg Armor,ironbanner,Warlock,1600,,10,Vault,true,false,4,15,,10,4,25,21,8,10,78,8,2,23,19,6,8,66,,,,Upgrade Armor*,*,*,*,*,Iron Lord's Pride*,,,,,,,
Helm of the Exile,1164471069,"""6917529202598115792""",favorite,Legendary,Helmet,trials,Titan,1600,,9,Vault,true,false,3,11,,9,6,16,12,18,2,63,9,6,16,12,18,2,63,,,,Upgrade Armor*,*,*,*,*,,,,,,,,
The Dragon's Shadow,2766109874,"""6917529552526506268""",keep,Exotic,Chest Armor,,Hunter,1600,,1,Vault,false,false,1,1,,11,14,12,2,14,15,68,11,14,12,2,14,15,68,,,,Upgrade Armor*,*,*,*,*,Wraithmetal Mail*,,,,,,,
Legacy's Oath Grips,2343515647,"""6917529594032828992""",favorite,Legendary,Gauntlets,deepstonecrypt,Hunter,1600,,3,Vault,false,false,4,12,,2,17,14,2,19,12,66,2,17,14,2,19,12,66,deepstonecrypt,,,Upgrade Armor*,*,*,*,*,,,,,,,,
Speedloader Slacks,2390471904,"""6917529869842355423""",keep,Exotic,Leg Armor,lostsectors,Hunter,1775,,10,Vault,false,false,6,20,,18,8,14,13,12,14,79,16,6,12,11,10,12,67,,,,Solar Weapon Surge*,Solar Weapon Surge*,Solar Weapon Surge*,Gambit Jadestone*,Upgrade Armor*,*,*,*,*,Tight Fit*,,,
Twisting Echo Mask,2744480004,"""6917529545400457368""",favorite,Legendary,Helmet,30th,Hunter,1600,,10,Vault,true,false,4,15,,24,4,11,4,22,10,75,22,2,9,2,20,8,63,,,,Upgrade Armor*,*,*,*,*,Iron Companion Mask*,,,,,,,
Synthoceps,241462142,"""6917529202099223679""",keep,Exotic,Gauntlets,,Titan,1600,,5,Vault,false,false,1,1,,10,11,3,6,6,12,48,10,11,3,6,6,12,48,,,,Upgrade Armor*,*,*,*,*,Biotic Enhancements*,,,,,,,
Actium War Rig,1591207518,"""6917529803146382713""",keep,Exotic,Chest Armor,,Titan,1600,,9,Vault,false,false,1,1,,13,20,3,8,2,19,65,13,20,3,8,2,19,65,,,,Upgrade Armor*,*,*,*,*,Auto-Loading Link*,,,,,,,
Iron Companion Boots,2931145020,"""6917529879983564071""",infuse,Legendary,Leg Armor,ironbanner,Hunter,1795,,1,Vault,true,false,5,19,,18,11,2,18,9,6,64,18,11,2,18,9,6,64,,,,Upgrade Armor*,*,*,*,*,Iron Lord's Pride*,,,,,,,
Khepri's Horn,2384488862,"""6917529826654760189""",keep,Exotic,Helmet,,Titan,1600,,4,Vault,false,false,1,2,,9,21,3,6,10,13,62,9,21,3,6,10,13,62,,,,Upgrade Armor*,*,*,*,*,Solar Rampart*,,,,,,,
Corrupting Echo Robes,2515293448,"""6917529840563347718""",favorite,Legendary,Chest Armor,30th,Warlock,1600,,4,Vault,true,false,4,15,,21,2,8,16,6,10,63,21,2,8,16,6,10,63,,,,Upgrade Armor*,*,*,*,*,,,,,,,,
Anti-Extinction Gauntlets,2862198970,"""6917529235526992635""",favorite,Legendary,Gauntlets,do,Titan,1600,,10,Vault,true,false,3,10,,4,12,22,4,29,4,75,2,10,20,2,27,2,63,,,,Regal Daring*,Upgrade Armor*,*,*,*,*,Iron Remembrance Gauntlets*,,,,,,
Precious Scars,3974038291,"""6917529211124719042""",keep,Exotic,Helmet,lostsectors,Titan,1600,,3,Vault,false,false,4,12,,15,8,7,19,10,2,61,15,8,7,19,10,2,61,,,,Upgrade Armor*,*,*,*,*,Kintsugi*,,,,,,,
Legacy's Oath Cowl,1462908657,"""6917529878405929762""",favorite,Legendary,Helmet,deepstonecrypt,Warlock,1784,,1,Vault,true,false,4,12,,2,20,10,15,7,9,63,2,20,10,15,7,9,63,deepstonecrypt,,,Upgrade Armor*,*,*,*,*,,,,,,,,
Lucky Pants,193869522,"""6917529752096812576""",keep,Exotic,Leg Armor,,Hunter,1600,,10,Vault,false,false,1,1,,9,21,9,20,8,8,75,7,19,7,18,6,6,63,,,,Neopop Wave*,Upgrade Armor*,*,*,*,*,Fortunate Beast*,Illegally Modded Holster*,,,,,
Channeling Cowl (CODA),2602907742,"""6917529197741089492""",favorite,Legendary,Helmet,dungeon,Warlock,1600,,4,Vault,true,false,3,11,,10,16,7,20,8,2,63,10,16,7,20,8,2,63,,,,Upgrade Armor*,*,*,*,*,,,,,,,,
Helm of Saint-14,106575079,"""6917529440296230321""",keep,Exotic,Helmet,,Titan,1738,,7,Vault,false,false,1,2,,12,19,3,8,16,7,65,12,19,3,8,16,7,65,,,,Powerful Friends*,Harmonic Siphon*,Stasis Siphon*,Iron Countershade*,Upgrade Armor*,*,*,*,*,Sainted Visage*,Starless Night*,,
Gyrfalcon's Hauberk,461841403,"""6917529810659442994""",,Exotic,Chest Armor,lostsectors,Hunter,1600,,10,Vault,true,false,5,18,,18,9,9,13,15,8,72,16,7,7,11,13,6,60,,,,Deprecated Armor Mod*,Deprecated Armor Mod*,Regal Daring*,Upgrade Armor*,*,*,*,*,"See Me, Feel Me*",,,,
Deep Explorer Greaves,2351264197,"""6917529788079249848""",favorite,Legendary,Leg Armor,duality,Titan,1600,,9,Vault,true,false,5,17,,23,7,2,2,21,7,62,23,7,2,2,21,7,62,,,,Upgrade Armor*,*,*,*,*,,,,,,,,
Vesper of Radius,1725917554,"""6917529210571770217""",keep,Exotic,Chest Armor,,Warlock,1600,,2,Vault,true,false,1,2,,6,16,11,11,14,6,64,6,16,11,11,14,6,64,,,,Upgrade Armor*,*,*,*,*,Planetary Torrent*,,,,,,,
Antaeus Wards,2423243921,"""6917529199132702161""",keep,Exotic,Leg Armor,,Titan,1600,,2,Vault,true,false,2,4,,14,8,9,2,24,6,63,14,8,9,2,24,6,63,,,,Upgrade Armor*,*,*,*,*,Reflective Vents*,,,,,,,
An Insurmountable Skullfort,3216110440,"""6917529572762105085""",keep,Exotic,Helmet,,Titan,1600,,1,Vault,false,false,1,1,,12,13,8,2,15,13,63,12,13,8,2,15,13,63,,,,Upgrade Armor*,*,*,*,*,Transfusion Matrix*,,,,,,,
Iron Forerunner Vestments,1821747970,"""6917529619092829300""",favorite,Legendary,Chest Armor,ironbanner,Warlock,1600,,6,Vault,true,false,4,15,,6,2,20,2,2,29,61,6,2,20,2,2,29,61,,,,Upgrade Armor*,*,*,*,*,Iron Lord's Pride*,,,,,,,
Mask of Trepidation,3810243376,"""6917529886274044154""",,Legendary,Helmet,nightmare,Hunter,1804,,3,Vault,false,false,6,20,,16,2,13,10,14,8,63,16,2,13,10,14,8,63,rootofnightmares,,,Upgrade Armor*,*,*,*,*,,,,,,,,
Deep Explorer Hood,630469185,"""6917529818637228361""",favorite,Legendary,Helmet,duality,Warlock,1600,,1,Vault,true,false,5,17,,16,2,13,2,12,19,64,16,2,13,2,12,19,64,,,,Upgrade Armor*,*,*,*,*,,,,,,,,
Wings of Sacred Dawn,370930766,"""6917529680104180435""",keep,Exotic,Chest Armor,,Warlock,1600,,4,Vault,false,false,1,1,,22,6,8,2,14,14,66,22,6,8,2,14,14,66,,,,Upgrade Armor*,*,*,*,*,Tome of Dawn*,,,,,,,
Omnioculus,1935198785,"""6917529707949897122""",keep,Exotic,Chest Armor,lostsectors,Hunter,1779,,9,Vault,false,false,4,13,,2,7,23,2,7,33,74,2,7,23,2,7,23,64,,,,Strength Mod*,Concussive Dampener*,Void Resistance*,Harmonic Resistance*,Upgrade Armor*,*,*,*,*,Beyond The Veil*,,,
Radiant Dance Machines,1702288800,"""6917529698224995450""",keep,Exotic,Leg Armor,lostsectors,Hunter,1600,,4,Vault,false,false,4,15,,2,7,23,22,2,9,65,2,7,23,22,2,9,65,,,,Upgrade Armor*,*,*,*,*,The Dance*,,,,,,,
Deep Explorer Greaves,2649394513,"""6917529803844722130""",favorite,Legendary,Leg Armor,duality,Titan,1600,,1,Vault,true,false,5,17,,2,2,29,7,10,16,66,2,2,29,7,10,16,66,artifice,,,Upgrade Armor*,*,*,*,*,Artifice Armor*,,,,,,,
Foetracer,896224899,"""6917529889818420475""",,Exotic,Helmet,,Hunter,1805,,3,Vault,false,false,1,1,,18,2,13,11,10,10,64,18,2,13,11,10,10,64,,,,Upgrade Armor*,*,*,*,*,Relentless Tracker*,,,,,,,
Knucklehead Radar,1321354572,"""6917529889798053413""",,Exotic,Helmet,,Hunter,1805,,3,Vault,false,false,1,1,,18,7,7,16,8,8,64,18,7,7,16,8,8,64,,,,Upgrade Armor*,*,*,*,*,Upgraded Sensor Pack*,,,,,,,
Shards of Galanor,691578979,"""6917529886274042952""",,Exotic,Gauntlets,,Hunter,1803,,4,Vault,false,false,2,4,,15,7,11,13,15,2,63,15,7,11,13,15,2,63,,,,Upgrade Armor*,*,*,*,*,Sharp Edges*,,,,,,,
Tusked Allegiance Hood,849255710,"""6917529695576412914""",favorite,Legendary,Helmet,psiops,Warlock,1600,,3,Vault,true,false,5,16,,2,14,15,10,21,2,64,2,14,15,10,21,2,64,,,,Upgrade Armor*,*,*,*,*,,,,,,,,
Hallowfire Heart,1192890598,"""6917529799238398055""",keep,Exotic,Chest Armor,,Titan,1600,,1,Vault,false,false,1,1,,4,15,14,20,2,12,67,4,15,14,20,2,12,67,,,,Upgrade Armor*,*,*,*,*,Sunfire Furnace*,,,,,,,
Heart of Inmost Light,1341951177,"""6917529764392831222""",keep,Exotic,Chest Armor,,Titan,1600,,10,Vault,false,false,2,4,,6,31,4,10,11,14,76,4,29,2,8,9,12,64,,,,Deprecated Armor Mod*,Deprecated Armor Mod*,Flower Child*,Upgrade Armor*,*,*,*,*,Overflowing Light*,,,,
Eidolon Pursuant Greaves,1795075811,"""6917529801677260480""",favorite,Legendary,Leg Armor,haunted,Titan,1600,,10,Vault,true,false,5,17,,4,4,31,4,31,4,78,2,2,29,2,29,2,66,,,,Regal Daring*,Upgrade Armor*,*,*,*,*,Iron Remembrance Greaves*,Visage of the Reaper*,,,,,
Frumious Mask,477057676,"""6917529810460385099""",favorite,Legendary,Helmet,campaign,Hunter,1600,,1,Vault,true,false,4,12,,16,10,2,2,2,28,60,16,10,2,2,2,28,60,,,,Upgrade Armor*,*,*,*,*,,,,,,,,
Retro-Grade TG2,2783831726,"""6917529848661282993""",favorite,Legendary,Helmet,legendaryengram,Titan,1600,,4,Vault,true,false,4,15,,12,2,12,20,2,6,54,12,2,12,20,2,6,54,,,,Upgrade Armor*,*,*,*,*,,,,,,,,
Iron Companion Mask,3352415987,"""6917529852076485930""",favorite,Legendary,Helmet,ironbanner,Hunter,1600,,1,Vault,true,false,5,19,,12,2,16,2,19,9,60,12,2,16,2,19,9,60,,,,Upgrade Armor*,*,*,*,*,Iron Lord's Pride*,,,,,,,
Candescent Hood,1840892693,"""6917529804980442814""",favorite,Legendary,Helmet,events,Warlock,1600,,2,Vault,true,false,5,17,Solstice,8,21,2,6,22,2,61,8,21,2,6,22,2,61,,,,Upgrade Armor*,*,*,*,*,,,,,,,,
Severance Enclosure,2326396534,"""6917529147865912613""",keep,Exotic,Chest Armor,,Titan,1600,,3,Vault,false,false,3,9,,2,12,10,10,2,12,48,2,12,10,10,2,12,48,,,,Upgrade Armor*,*,*,*,*,Spheromatik Trigger*,,,,,,,
Legacy's Oath Vest,4001862073,"""6917529681638392706""",favorite,Legendary,Chest Armor,deepstonecrypt,Hunter,1600,,10,Vault,true,false,4,12,,4,11,21,4,8,24,72,2,9,19,2,6,22,60,deepstonecrypt,,,Gambit Jadestone*,Upgrade Armor*,*,*,*,*,Iron Fellowship Vest*,,,,,,
Channeling Wraps (CODA),1406846351,"""6917529822849238904""",favorite,Legendary,Gauntlets,dungeon,Warlock,1600,,1,Vault,true,false,3,11,,12,16,6,6,17,10,67,12,16,6,6,17,10,67,,,,Upgrade Armor*,*,*,*,*,,,,,,,,
Loreley Splendor Helm,3316517958,"""6917529767986843408""",keep,Exotic,Helmet,lostsectors,Titan,1600,,10,Vault,false,false,5,16,,8,4,26,22,4,12,76,6,2,24,20,2,10,64,,UO GM,,Tidesmoke*,Upgrade Armor*,*,*,*,*,Cauterizing Flame*,,,,,,
Crown of Tempests,3381022969,"""6917529798174956383""",keep,Exotic,Helmet,,Warlock,1600,,1,Vault,false,false,1,1,,3,30,3,16,2,16,70,3,30,3,16,2,16,70,,,,Upgrade Armor*,*,*,*,*,Conduction Tines*,,,,,,,
Assassin's Cowl,2203146422,"""6917529860796700092""",keep,Exotic,Helmet,campaign,Hunter,1600,,3,Vault,false,false,3,8,,16,13,2,10,2,20,63,16,13,2,10,2,20,63,,,,Upgrade Armor*,*,*,*,*,Vanishing Execution*,,,,,,,
Deep Explorer Gauntlets,2616310259,"""6917529788079247129""",favorite,Legendary,Gauntlets,duality,Titan,1600,,9,Vault,true,false,5,17,,13,16,2,20,10,2,63,13,16,2,20,10,2,63,,,,Upgrade Armor*,*,*,*,*,,,,,,,,
Apotheosis Veil,1096253259,"""6917529574602836674""",keep,Exotic,Helmet,,Warlock,1600,,3,Vault,false,false,1,3,,2,12,20,9,20,2,65,2,12,20,9,20,2,65,,,,Upgrade Armor*,*,*,*,*,Insatiable*,,,,,,,
Doom Fang Pauldron,241462141,"""6917529235692232428""",keep,Exotic,Gauntlets,,Titan,1600,,5,Vault,false,false,1,1,,11,11,9,2,14,12,59,11,11,9,2,14,12,59,,,,Upgrade Armor*,*,*,*,*,Horns of Doom*,,,,,,,
Verity's Brow,2428181146,"""6917529878308709274""",,Exotic,Helmet,,Warlock,1786,,10,Vault,false,false,1,3,,10,11,20,19,11,16,87,8,9,18,7,9,14,65,,,,Discipline Mod*,Solar Siphon*,Heavy Ammo Finder*,Heavy Ammo Scout*,Upgrade Armor*,*,*,*,*,The Fourth Magic*,,,
Aeon Safe,1654461647,"""6917529396907392692""",keep,Exotic,Gauntlets,,Titan,1600,,3,Vault,false,false,1,2,,7,14,6,6,6,10,49,7,14,6,6,6,10,49,,,,Upgrade Armor*,*,*,*,*,Sect of Insight*,,,,,,,
Knucklehead Radar,1321354572,"""6917529504898277418""",keep,Exotic,Helmet,,Hunter,1600,,10,Vault,false,false,1,1,,9,5,27,22,8,9,80,7,3,25,20,6,7,68,,,,Deprecated Armor Mod*,Upgrade Armor*,*,*,*,*,Upgraded Sensor Pack*,,,,,,
Dreambane Grips,2293199928,"""6917529857185116866""",favorite,Legendary,Gauntlets,moon,Hunter,1789,,10,Vault,true,false,4,13,,4,22,14,32,4,14,90,2,20,12,20,2,12,68,nightmare,GM V RDS UO,,Discipline Mod*,Regal Daring*,Upgrade Armor*,*,*,*,*,Iron Forerunner Grips*,,,,,
Eidolon Pursuant Mask,1285042454,"""6917529781748248474""",favorite,Legendary,Helmet,haunted,Hunter,1600,,9,Vault,true,false,5,17,,6,12,16,26,2,2,64,6,12,16,26,2,2,64,,,,Erebos Glance*,Upgrade Armor*,*,*,*,*,Iron Fellowship Casque*,Visage of the Reaper*,,,,,
Thorium Holt Gloves,2618290591,"""6917529878514149173""",favorite,Legendary,Gauntlets,legendaryengram,Warlock,1784,,1,Vault,true,false,4,13,,7,19,2,19,2,7,56,7,19,2,19,2,7,56,,,,Upgrade Armor*,*,*,*,*,,,,,,,,
Wormhusk Crown,3562696927,"""6917529866927344273""",keep,Exotic,Helmet,,Hunter,1600,,3,Vault,false,false,1,3,,14,8,11,18,6,7,64,14,8,11,18,6,7,64,,,,Upgrade Armor*,*,*,*,*,Burning Souls*,,,,,,,
Lucky Raspberry,903984858,"""6917529889848382830""",,Exotic,Chest Armor,,Hunter,1805,,1,Vault,false,false,1,1,,21,7,6,16,2,12,64,21,7,6,16,2,12,64,,,,Upgrade Armor*,*,*,*,*,Probability Matrix*,,,,,,,
Iron Forerunner Gloves,164221422,"""6917529619962790591""",favorite,Legendary,Gauntlets,ironbanner,Warlock,1600,,10,Vault,true,false,4,15,,4,18,15,4,9,26,76,2,16,13,2,7,24,64,,,,Deprecated Armor Mod*,Upgrade Armor*,*,*,*,*,Solstice Gloves (Magnificent)*,Iron Lord's Pride*,,,,,
TM-Earp Custom Hood,3344225390,"""6917529855367481555""",favorite,Legendary,Helmet,dungeon,Hunter,1600,,3,Vault,true,false,5,19,,2,7,24,6,6,19,64,2,7,24,6,6,19,64,artifice,,,Upgrade Armor*,*,*,*,*,Artifice Armor*,,,,,,,
Scorned Baron Vest,988607392,"""6917529599106345328""",favorite,Legendary,Chest Armor,tangled,Hunter,1600,,10,Vault,true,false,4,12,,4,9,26,8,23,4,74,2,7,24,6,21,2,62,,,,Upgrade Armor*,*,*,*,*,Iron Fellowship Vest*,,,,,,,
Dreambane Cowl,1496857121,"""6917529857194245341""",favorite,Legendary,Helmet,moon,Hunter,1600,,7,Vault,true,false,4,13,,2,29,2,2,26,6,67,2,29,2,2,26,6,67,nightmare,,,Upgrade Armor*,*,*,*,*,,,,,,,,
Holdfast Gloves,327547301,"""6917529574647181284""",favorite,Legendary,Gauntlets,seasonpass,Warlock,1600,,1,Vault,true,false,3,11,,9,8,13,2,7,24,63,9,8,13,2,7,24,63,,,,Deprecated Armor Mod*,Upgrade Armor*,*,*,*,*,,,,,,,
ACD/0 Feedback Fence,2563444729,"""6917529146127643777""",keep,Exotic,Gauntlets,,Titan,1600,,1,Vault,false,false,1,1,,2,12,10,6,6,12,48,2,12,10,6,6,12,48,,,,Upgrade Armor*,*,*,*,*,Fury Conductors*,,,,,,,
Greaves of the Great Hunt,2623446543,"""6917529791116787312""",favorite,Legendary,Leg Armor,lastwish,Titan,1600,,3,Vault,true,false,4,12,,9,13,9,22,8,2,63,9,13,9,22,8,2,63,lastwish,,,Upgrade Armor*,*,*,*,*,,,,,,,,
Iron Companion Helm,1880357865,"""6917529852993740507""",favorite,Legendary,Helmet,ironbanner,Titan,1600,,2,Vault,true,false,5,19,,8,19,6,19,11,2,65,8,19,6,19,11,2,65,,,,Upgrade Armor*,*,*,*,*,Iron Lord's Pride*,,,,,,,
Xenos Vale IV,1702245537,"""6917529838629165730""",favorite,Legendary,Helmet,strikes,Warlock,1600,,1,Vault,true,false,3,10,,19,7,2,6,2,22,58,19,7,2,6,2,22,58,,,,Upgrade Armor*,*,*,*,*,,,,,,,,
Peregrine Greaves,2255796155,"""6917529145015263750""",keep,Exotic,Leg Armor,,Titan,1600,,1,Vault,false,false,2,7,,3,15,12,2,17,12,61,3,15,12,2,17,12,61,,,,Upgrade Armor*,*,*,*,*,Peregrine Strike*,,,,,,,
Legacy's Oath Greaves,2558289743,"""6917529848482499726""",favorite,Legendary,Leg Armor,deepstonecrypt,Titan,1600,,2,Vault,true,false,4,12,,16,7,10,9,2,22,66,16,7,10,9,2,22,66,deepstonecrypt,,,Upgrade Armor*,*,*,*,*,,,,,,,,
Astrocyte Verse,3948284065,"""6917529200056376118""",keep,Exotic,Helmet,,Warlock,1600,,1,Vault,false,false,2,7,,9,7,16,2,22,7,63,9,7,16,2,22,7,63,,,,Upgrade Armor*,*,*,*,*,Move to Survive*,,,,,,,
Philomath Boots,3084633087,"""6917529598001513368""",favorite,Legendary,Leg Armor,legendaryengram,Warlock,1600,,3,Vault,true,false,4,12,,2,6,23,6,19,2,58,2,6,23,6,19,2,58,,Fusion Nade Build,,Upgrade Armor*,*,*,*,*,,,,,,,,
TM-Earp Custom Grips,918537443,"""6917529844896214504""",favorite,Legendary,Gauntlets,dungeon,Hunter,1600,,3,Vault,true,false,5,19,,12,9,10,6,2,24,63,12,9,10,6,2,24,63,,,,Upgrade Armor*,*,*,*,*,,,,,,,,
Gemini Jester,1163283805,"""6917529526958351388""",keep,Exotic,Leg Armor,,Hunter,1600,,2,Vault,false,false,1,2,,20,2,12,16,6,9,65,20,2,12,16,6,9,65,,,,Upgrade Armor*,*,*,*,*,Misdirection*,,,,,,,
Armamentarium,3874247549,"""6917529194400188085""",keep,Exotic,Chest Armor,,Titan,1600,,10,Vault,false,false,1,3,,19,14,9,8,15,11,76,17,12,7,6,13,9,64,,,,Upgrade Armor*,*,*,*,*,And Another Thing*,,,,,,,
Path of Xol,3229616835,"""6917529818112946972""",favorite,Legendary,Leg Armor,kf,Warlock,1600,,1,Vault,true,false,5,18,,23,2,6,2,15,14,62,23,2,6,2,15,14,62,kingsfall,,,Upgrade Armor*,*,*,*,*,,,,,,,,
Deep Explorer Gauntlets,2499351855,"""6917529803828568470""",favorite,Legendary,Gauntlets,duality,Titan,1600,,1,Vault,true,false,5,17,,2,2,27,23,8,2,64,2,2,27,23,8,2,64,artifice,,,Upgrade Armor*,*,*,*,*,Artifice Armor*,,,,,,,
Sanguine Alchemy,3070555693,"""6917529619929278826""",keep,Exotic,Chest Armor,,Warlock,1600,,2,Vault,false,false,1,3,,8,8,18,14,2,14,64,8,8,18,14,2,14,64,,,,Upgrade Armor*,*,*,*,*,Blood Magic*,,,,,,,
Iron Forerunner Gloves,164221422,"""6917529619230692556""",favorite,Legendary,Gauntlets,ironbanner,Warlock,1600,,1,Vault,true,false,4,15,,8,2,21,6,9,15,61,8,2,21,6,9,15,61,,,,Breezy Clear*,Upgrade Armor*,*,*,*,*,Iron Lord's Pride*,,,,,,
Aeon Swift,3942036043,"""6917529452668297294""",keep,Exotic,Gauntlets,,Hunter,1600,,3,Vault,false,false,1,2,,7,7,21,8,18,6,67,7,7,21,8,18,6,67,,,,Regal Daring*,Upgrade Armor*,*,*,*,*,Sect of Insight*,,,,,,
Gensym Knight Grips,3609750321,"""6917529789762404870""",favorite,Legendary,Gauntlets,,Hunter,1600,,10,Vault,true,false,4,15,,4,26,4,4,4,27,69,2,24,2,2,2,25,57,,,,Deprecated Armor Mod*,Whispered Sheen*,Upgrade Armor*,*,*,*,*,Legacy's Oath Grips*,,,,,
Holdfast Grips,3750210364,"""6917529383222818138""",favorite,Legendary,Gauntlets,seasonpass,Hunter,1600,,10,Vault,true,false,3,11,,18,4,18,11,24,4,79,16,2,16,9,22,2,67,,D2ArmorPicker Loadout,,Upgrade Armor*,*,*,*,*,,,,,,,,
Legacy's Oath Gauntlets,1887490701,"""6917529848502959917""",favorite,Legendary,Gauntlets,deepstonecrypt,Titan,1600,,3,Vault,true,false,4,12,,7,23,2,7,7,18,64,7,23,2,7,7,18,64,deepstonecrypt,,,Upgrade Armor*,*,*,*,*,,,,,,,,
Tusked Allegiance Robes,3465627817,"""6917529686702585725""",favorite,Legendary,Chest Armor,psiops,Warlock,1600,,3,Vault,true,false,5,16,,2,12,18,8,16,8,64,2,12,18,8,16,8,64,,,,Upgrade Armor*,*,*,*,*,,,,,,,,
No Backup Plans,3267996858,"""6917529767884748641""",keep,Exotic,Gauntlets,lostsectors,Titan,1600,,2,Vault,false,false,4,15,,6,20,6,12,16,6,66,6,20,6,12,16,6,66,,,,Upgrade Armor*,*,*,*,*,Force Multiplier*,,,,,,,
Resonant Fury Gauntlets,2150515362,"""6917529803790393750""",favorite,Legendary,Gauntlets,votd,Titan,1600,,1,Vault,true,false,5,16,,15,2,14,7,2,23,63,15,2,14,7,2,23,63,vowofthedisciple,,,Upgrade Armor*,*,*,*,*,,,,,,,,
Athrys's Embrace,2415768376,"""6917529860813281488""",keep,Exotic,Gauntlets,lostsectors,Hunter,1600,,10,Vault,false,false,4,12,,4,13,22,18,4,13,74,2,11,20,16,2,11,62,,,,Upgrade Armor*,*,*,*,*,Skittering Stinger*,,,,,,,
Sealed Ahamkara Grasps,1688602431,"""6917529558957650126""",keep,Exotic,Gauntlets,,Hunter,1600,,3,Vault,false,false,1,3,,7,7,20,7,15,10,66,7,7,20,7,15,10,66,,,,Upgrade Armor*,*,*,*,*,Nightmare Fuel*,,,,,,,
Omnioculus,1935198785,"""6917529889818418767""",,Exotic,Chest Armor,lostsectors,Hunter,1805,,1,Vault,false,false,4,13,,22,7,2,12,18,2,63,22,7,2,12,18,2,63,,,,Upgrade Armor*,*,*,*,*,Beyond The Veil*,,,,,,,
Solstice Gloves (Magnificent),731283469,"""6917529202480571976""",favorite,Legendary,Gauntlets,events,Warlock,1600,,1,Vault,true,false,3,11,Solstice,22,2,8,9,21,2,64,22,2,8,9,21,2,64,,,,Upgrade Armor*,*,*,*,*,,,,,,,,
Resonant Fury Gauntlets,2150515362,"""6917529710936556427""",favorite,Legendary,Gauntlets,votd,Titan,1600,,9,Vault,true,false,5,16,,24,7,2,9,13,9,64,24,7,2,9,13,9,64,vowofthedisciple,,,Upgrade Armor*,*,*,*,*,,,,,,,,
Deep Explorer Gauntlets,2499351855,"""6917529803828568920""",favorite,Legendary,Gauntlets,duality,Titan,1600,,1,Vault,true,false,5,17,,16,10,7,16,14,2,65,16,10,7,16,14,2,65,artifice,,,Upgrade Armor*,*,*,*,*,Artifice Armor*,,,,,,,
Dreambane Vest,3434445392,"""6917529856811279316""",favorite,Legendary,Chest Armor,moon,Hunter,1600,,10,Vault,true,false,4,13,,11,24,4,9,25,4,77,9,22,2,7,23,2,65,nightmare,,,Upgrade Armor*,*,*,*,*,,,,,,,,
Orpheus Rig,193869523,"""6917529857252352010""",keep,Exotic,Leg Armor,,Hunter,1600,,3,Vault,false,false,1,1,,15,17,2,8,13,9,64,15,17,2,8,13,9,64,,,,Upgrade Armor*,*,*,*,*,Uncanny Arrows*,,,,,,,
Caliban's Hand,3453042252,"""6917529815079164649""",keep,Exotic,Gauntlets,lostsectors,Hunter,1600,,9,Vault,false,false,5,17,,7,14,9,15,2,15,62,7,14,9,15,2,15,62,,,,Regal Daring*,Upgrade Armor*,*,*,*,*,Roast 'Em*,,,,,,
Stronghold,2240152949,"""6917529198619893655""",keep,Exotic,Gauntlets,,Titan,1600,,5,Vault,false,false,2,6,,6,14,6,12,2,12,52,6,14,6,12,2,12,52,,,,Upgrade Armor*,*,*,*,*,Clenched Fist*,,,,,,,
Graviton Forfeit,2773056939,"""6917529196831699769""",keep,Exotic,Helmet,,Hunter,1600,,10,Vault,false,false,1,2,,18,4,17,9,14,16,78,16,2,15,7,12,14,66,,,,Regal Daring*,Upgrade Armor*,*,*,*,*,Vanishing Shadow*,,,,,,
Ursa Furiosa,1848640623,"""6917529396967832992""",keep,Exotic,Gauntlets,,Titan,1600,,1,Vault,false,false,2,4,,12,11,11,2,19,10,65,12,11,11,2,19,10,65,,,,Upgrade Armor*,*,*,*,*,Ursine Guard*,,,,,,,
Crest of Alpha Lupi,1591207519,"""6917529235696863414""",keep,Exotic,Chest Armor,,Titan,1600,,1,Vault,false,false,1,1,,17,13,3,11,10,12,66,17,13,3,11,10,12,66,,,,Upgrade Armor*,*,*,*,*,Survival Well*,,,,,,,
Wormgod Caress,1734844651,"""6917529147854179422""",keep,Exotic,Gauntlets,,Titan,1600,,3,Vault,false,false,1,3,,2,12,16,11,2,14,57,2,12,16,11,2,14,57,,,,Upgrade Armor*,*,*,*,*,Burning Fists*,,,,,,,
Citan's Ramparts,1190497097,"""6917529805364841696""",keep,Exotic,Gauntlets,,Titan,1600,,1,Vault,false,false,3,10,,2,16,10,2,12,20,62,2,16,10,2,12,20,62,,,,Upgrade Armor*,*,*,*,*,Assault Barricade*,,,,,,,
Ashen Wake,1734844650,"""6917529805329720560""",keep,Exotic,Gauntlets,,Titan,1600,,8,Vault,false,false,1,3,,2,14,19,17,8,6,66,2,14,19,17,8,6,66,,,,Upgrade Armor*,*,*,*,*,Bring the Heat*,,,,,,,
Khepri's Sting,2757274117,"""6917529860809890126""",keep,Exotic,Gauntlets,,Hunter,1600,,3,Vault,false,false,2,7,,19,14,2,2,6,25,68,19,14,2,2,6,25,68,,,,Upgrade Armor*,*,*,*,*,Touch of Venom*,,,,,,,
Deep Explorer Boots,3798520466,"""6917529815072587945""",favorite,Legendary,Leg Armor,duality,Warlock,1600,,2,Vault,true,false,5,17,,16,2,13,15,10,7,63,16,2,13,15,10,7,63,,,,Upgrade Armor*,*,*,*,*,,,,,,,,
Candescent Greaves,2644573111,"""6917529803177885762""",favorite,Legendary,Leg Armor,events,Titan,1600,,2,Vault,true,false,5,17,Solstice,22,2,2,20,2,7,55,22,2,2,20,2,7,55,,,,Upgrade Armor*,*,*,*,*,,,,,,,,
Deep Explorer Strides,2724719415,"""6917529803835096590""",favorite,Legendary,Leg Armor,duality,Hunter,1770,,10,Vault,true,false,5,17,,4,30,4,11,22,4,75,2,28,2,9,20,2,63,artifice,pvp,,Regal Daring*,Upgrade Armor*,*,*,*,*,Iron Forerunner Strides*,Artifice Armor*,,,,,
Omnioculus,1935198785,"""6917529889837083876""",,Exotic,Chest Armor,lostsectors,Hunter,1805,,1,Vault,false,false,4,13,,16,9,6,25,2,6,64,16,9,6,25,2,6,64,,,,Upgrade Armor*,*,*,*,*,Beyond The Veil*,,,,,,,
Unyielding Favor Grips,164103153,"""6917529880491267890""",favorite,Legendary,Gauntlets,seasonpass,Hunter,1789,,4,Vault,false,false,6,20,,14,8,10,2,27,2,63,14,8,10,2,27,2,63,,,,Upgrade Armor*,*,*,*,*,Queen's Favor*,,,,,,,
Renewal Grasps,2169905051,"""6917529852452129499""",keep,Exotic,Gauntlets,lostsectors,Hunter,1600,,2,Vault,false,false,5,16,,16,16,2,18,6,6,64,16,16,2,18,6,6,64,,,,Upgrade Armor*,*,*,*,*,Depths of Duskfield*,,,,,,,
Aeon Soul,2950045886,"""6917529574673084053""",keep,Exotic,Gauntlets,,Warlock,1600,,7,Vault,false,false,1,2,,2,8,23,15,15,2,65,2,8,23,15,15,2,65,,,,Upgrade Armor*,*,*,*,*,Sect of Insight*,,,,,,,
Claws of Ahamkara,3288917178,"""6917529619208699420""",keep,Exotic,Gauntlets,,Warlock,1600,,3,Vault,false,false,1,3,,2,20,12,12,8,11,65,2,20,12,12,8,11,65,,,,Upgrade Armor*,*,*,*,*,The Whispers*,,,,,,,
Unyielding Favor Grips,164103153,"""6917529880491264974""",favorite,Legendary,Gauntlets,seasonpass,Hunter,1789,,2,Vault,false,false,6,20,,20,2,12,2,16,14,66,20,2,12,2,16,14,66,,,,Upgrade Armor*,*,*,*,*,Queen's Favor*,,,,,,,
Winter's Guile,3844826443,"""6917529714976172296""",keep,Exotic,Gauntlets,,Warlock,1600,,2,Vault,false,false,1,1,,7,6,20,6,7,16,62,7,6,20,6,7,16,62,,,,Upgrade Armor*,*,*,*,*,Warlord's Sigil*,,,,,,,
Channeling Treads (CODA),2022923313,"""6917529222316915862""",favorite,Legendary,Leg Armor,dungeon,Warlock,1600,,2,Vault,true,false,3,11,,7,17,7,9,18,6,64,7,17,7,9,18,6,64,,,,Upgrade Armor*,*,*,*,*,,,,,,,,
Prodigal Cuirass,1981473429,"""6917529802844130713""",favorite,Legendary,Chest Armor,legendaryengram,Titan,1600,,2,Vault,true,false,4,15,,6,22,2,12,7,7,56,6,22,2,12,7,7,56,,,,Upgrade Armor*,*,*,*,*,,,,,,,,
Iron Forerunner Strides,932578999,"""6917529615346817149""",favorite,Legendary,Leg Armor,ironbanner,Hunter,1600,,1,Vault,true,false,4,15,,12,2,18,2,12,19,65,12,2,18,2,12,19,65,,,,Upgrade Armor*,*,*,*,*,Iron Lord's Pride*,,,,,,,
Candescent Plate,58945355,"""6917529799223209145""",favorite,Legendary,Chest Armor,events,Titan,1600,,8,Vault,true,false,5,17,Solstice,2,22,7,6,13,11,61,2,22,7,6,13,11,61,,,,Upgrade Armor*,*,*,*,*,,,,,,,,
Wild Hunt Gloves,1276513983,"""6917529210735275697""",favorite,Legendary,Gauntlets,seasonpass,Warlock,1600,,6,Vault,true,false,4,12,,19,6,8,7,6,20,66,19,6,8,7,6,20,66,,,,Upgrade Armor*,*,*,*,*,,,,,,,,
Contraverse Hold,1906093346,"""6917529702424822848""",keep,Exotic,Gauntlets,,Warlock,1600,,2,Vault,false,false,2,4,,16,7,11,24,2,6,66,16,7,11,24,2,6,66,,,,Upgrade Armor*,*,*,*,*,Chaotic Exchanger*,,,,,,,
Deep Explorer Boots,3798520466,"""6917529772546682612""",favorite,Legendary,Leg Armor,duality,Warlock,1600,,4,Vault,true,false,5,17,,22,2,8,7,8,15,62,22,2,8,7,8,15,62,,,,Upgrade Armor*,*,*,*,*,,,,,,,,
Resonant Fury Mask,1649346047,"""6917529749826005730""",favorite,Legendary,Helmet,votd,Hunter,1600,,9,Vault,true,false,5,16,,21,9,2,6,24,2,64,21,9,2,6,24,2,64,vowofthedisciple,,,Upgrade Armor*,*,*,*,*,,,,,,,,
Tusked Allegiance Plate,438108034,"""6917529692737721832""",favorite,Legendary,Chest Armor,psiops,Titan,1600,,10,Vault,true,false,5,16,,4,26,9,8,22,8,77,2,24,7,6,20,6,65,,UO GM,,Deprecated Armor Mod*,Regal Daring*,Upgrade Armor*,*,*,*,*,Iron Will Plate*,,,,,
Wild Hunt Plate,3351935136,"""6917529212124556172""",favorite,Legendary,Chest Armor,seasonpass,Titan,1600,,10,Vault,true,false,4,12,,8,10,21,9,22,8,78,6,8,19,7,20,6,66,,,,Upgrade Armor*,*,*,*,*,,,,,,,,
Unyielding Favor Mask,2598029856,"""6917529885399740541""",favorite,Legendary,Helmet,seasonpass,Hunter,1798,,1,Vault,false,false,6,20,,16,2,8,22,2,2,52,16,2,8,22,2,2,52,,,,Upgrade Armor*,*,*,*,*,Queen's Favor*,,,,,,,
Deep Explorer Gauntlets,2616310259,"""6917529801577168285""",favorite,Legendary,Gauntlets,duality,Titan,1600,,1,Vault,true,false,5,17,,2,11,17,7,2,21,60,2,11,17,7,2,21,60,,,,Upgrade Armor*,*,*,*,*,,,,,,,,
Eye of Another World,3381022970,"""6917529196625455516""",keep,Exotic,Helmet,,Warlock,1600,,9,Vault,false,false,1,1,,2,11,18,6,7,17,61,2,11,18,6,7,17,61,,,,Upgrade Armor*,*,*,*,*,Cerebral Uplink*,,,,,,,
Getaway Artist,3084282676,"""6917529574647179808""",keep,Exotic,Gauntlets,,Warlock,1600,,2,Vault,false,false,2,6,,12,7,14,12,9,10,64,12,7,14,12,9,10,64,,,,Upgrade Armor*,*,*,*,*,Dynamic Duo*,,,,,,,
Deep Explorer Greaves,2351264197,"""6917529788034860989""",favorite,Legendary,Leg Armor,duality,Titan,1600,,9,Vault,true,false,5,17,,21,2,8,8,21,2,62,21,2,8,8,21,2,62,,,,Upgrade Armor*,*,*,*,*,,,,,,,,
St0mp-EE5,193869520,"""6917529540059397452""",keep,Exotic,Leg Armor,,Hunter,1600,,10,Vault,false,false,1,1,,6,9,24,12,13,14,78,4,7,22,10,11,12,66,,,,Regal Daring*,Upgrade Armor*,*,*,*,*,Turbo-Kickers*,Hydraulic Boosters*,,,,,
Veritas Strides,2809748888,"""6917529636761735865""",favorite,Legendary,Leg Armor,throneworld,Hunter,1600,,10,Vault,true,false,5,16,,15,12,8,4,4,32,75,13,10,6,2,2,30,63,,,,Upgrade Armor*,*,*,*,*,,,,,,,,
Karnstein Armlets,3844826440,"""6917529815131568639""",keep,Exotic,Gauntlets,,Warlock,1600,,5,Vault,false,false,1,1,,13,16,3,2,9,22,65,13,16,3,2,9,22,65,,,,Upgrade Armor*,*,*,*,*,Vampire's Caress*,,,,,,,
Pyrrhic Ascent Mask,1001798188,"""6917529511889723235""",favorite,Legendary,Helmet,trials,Hunter,1600,,10,Vault,true,false,4,14,,24,10,4,12,9,17,76,22,8,2,10,7,15,64,,,,Upgrade Armor*,*,*,*,*,,,,,,,,
Dunemarchers,1160559849,"""6917529805364834251""",keep,Exotic,Leg Armor,,Titan,1600,,2,Vault,false,false,1,1,,8,3,20,7,7,17,62,8,3,20,7,7,17,62,,,,Upgrade Armor*,*,*,*,*,Linear Actuators*,,,,,,,
Legacy's Oath Greaves,2558289743,"""6917529711084423234""",favorite,Legendary,Leg Armor,deepstonecrypt,Titan,1600,,1,Vault,true,false,4,12,,12,18,2,2,14,15,63,12,18,2,2,14,15,63,deepstonecrypt,,,Upgrade Armor*,*,*,*,*,,,,,,,,
Dreambane Grips,2293199928,"""6917529856798660360""",favorite,Legendary,Gauntlets,moon,Hunter,1600,,10,Vault,true,false,4,13,,12,32,4,4,8,25,85,10,20,2,2,6,23,63,nightmare,,,Resilience Mod*,Gambit Jadestone*,Upgrade Armor*,*,*,*,*,Iron Forerunner Grips*,,,,,
Necrotic Grip,2780717641,"""6917529814711654474""",keep,Exotic,Gauntlets,lostsectors,Warlock,1763,,4,Vault,false,false,4,12,,8,9,12,7,12,12,60,8,9,12,7,12,12,60,,,,Upgrade Armor*,*,*,*,*,Grasp of the Devourer*,,,,,,,
Ophidian Aspect,3627185503,"""6917529576439188235""",keep,Exotic,Gauntlets,,Warlock,1600,,4,Vault,false,false,1,2,,3,22,7,2,20,12,66,3,22,7,2,20,12,66,,,,Upgrade Armor*,*,*,*,*,Cobra Totemic*,,,,,,,
Resonant Fury Robes,3300312357,"""6917529719965684148""",favorite,Legendary,Chest Armor,votd,Warlock,1600,,2,Vault,true,false,5,16,,20,6,6,2,24,2,60,20,6,6,2,24,2,60,vowofthedisciple,,,Upgrade Armor*,*,*,*,*,,,,,,,,
Scorned Baron Plate,3214769810,"""6917529460141898862""",favorite,Legendary,Chest Armor,tangled,Titan,1600,,9,Vault,true,false,4,12,,17,10,6,28,2,2,65,17,10,6,28,2,2,65,,,,Upgrade Armor*,*,*,*,*,,,,,,,,
Atavistic Idol Vest,2355943840,"""6917529863165958703""",favorite,Legendary,Chest Armor,trials,Hunter,1600,,1,Vault,false,false,5,17,,8,16,7,2,21,8,62,8,16,7,2,21,8,62,,,,Upgrade Armor*,*,*,*,*,Iron Fellowship Vest*,,,,,,,
Felwinter's Helm,2822465023,"""6917529596174647963""",keep,Exotic,Helmet,,Warlock,1600,,2,Vault,false,false,3,10,,14,2,16,10,17,6,65,14,2,16,10,17,6,65,,,,Upgrade Armor*,*,*,*,*,Warlord's End*,,,,,,,
Peacekeepers,3539357319,"""6917529804673575418""",keep,Exotic,Leg Armor,,Titan,1600,,1,Vault,false,false,1,1,,3,3,24,9,13,6,58,3,3,24,9,13,6,58,,,,Upgrade Armor*,*,*,*,*,Mecha Holster*,,,,,,,
Phoenix Cradle,1537074069,"""6917529211286437370""",keep,Exotic,Leg Armor,campaign,Titan,1600,,2,Vault,false,false,3,8,,2,7,22,20,8,2,61,2,7,22,20,8,2,61,,,,Upgrade Armor*,*,*,*,*,Beacons of Empowerment*,,,,,,,
Deep Explorer Vest,4289018379,"""6917529788325963615""",favorite,Legendary,Chest Armor,duality,Hunter,1600,,1,Vault,true,false,5,17,,2,12,17,16,2,16,65,2,12,17,16,2,16,65,,,,Upgrade Armor*,*,*,*,*,,,,,,,,
The Stag,2177524718,"""6917529562014076323""",keep,Exotic,Helmet,,Warlock,1771,,10,Vault,false,false,1,2,,10,14,26,10,4,22,86,8,2,24,8,2,20,64,,"Solar Warlock, grasp",,Resilience Mod*,Solar Siphon*,Powerful Friends*,Regal Daring*,Upgrade Armor*,*,*,*,*,Dearly Departed*,,,
Transversive Steps,138282166,"""6917529199494675162""",keep,Exotic,Leg Armor,,Warlock,1600,,9,Vault,false,false,1,1,,17,2,7,6,10,6,48,17,2,7,6,10,6,48,,,,Upgrade Armor*,*,*,*,*,Strange Protractor*,,,,,,,
Candescent Greaves,2644573111,"""6917529799229651965""",favorite,Legendary,Leg Armor,events,Titan,1600,,2,Vault,true,false,5,17,Solstice,6,20,6,14,2,15,63,6,20,6,14,2,15,63,,,,Upgrade Armor*,*,*,*,*,,,,,,,,
Wild Hunt Vestment,317220729,"""6917529212673925471""",,Legendary,Chest Armor,seasonpass,Warlock,1600,,6,Vault,true,false,4,12,,9,6,18,7,6,20,66,9,6,18,7,6,20,66,,,,Upgrade Armor*,*,*,*,*,,,,,,,,
Legacy's Oath Cowl,1462908657,"""6917529878423912520""",favorite,Legendary,Helmet,deepstonecrypt,Warlock,1784,,1,Vault,true,false,4,12,,2,17,14,2,23,6,64,2,17,14,2,23,6,64,deepstonecrypt,,,Upgrade Armor*,*,*,*,*,,,,,,,,
Raiden Flux,2766109872,"""6917529501854426686""",keep,Exotic,Chest Armor,,Hunter,1600,,2,Vault,false,false,1,1,,4,12,19,8,21,2,66,4,12,19,8,21,2,66,,,,Upgrade Armor*,*,*,*,*,Synapse Junctions*,,,,,,,
Dead End Cure 2.1,3070277875,"""6917529812619109855""",favorite,Legendary,Gauntlets,legendaryengram,Hunter,1600,,3,Vault,true,false,4,15,,26,2,2,2,7,16,55,26,2,2,2,7,16,55,,,,Upgrade Armor*,*,*,*,*,,,,,,,,
War Numen's Chest,1066132704,"""6917529818126172451""",favorite,Legendary,Chest Armor,kf,Titan,1600,,2,Vault,true,false,5,18,,2,14,16,6,16,6,60,2,14,16,6,16,6,60,kingsfall,,,Upgrade Armor*,*,*,*,*,,,,,,,,
Legacy's Oath Cowl,1462908657,"""6917529878420310512""",favorite,Legendary,Helmet,deepstonecrypt,Warlock,1783,,4,Vault,true,false,4,12,,10,10,10,2,8,22,62,10,10,10,2,8,22,62,deepstonecrypt,,,Upgrade Armor*,*,*,*,*,,,,,,,,
Atavistic Idol Vest,2355943840,"""6917529850447914100""",favorite,Legendary,Chest Armor,trials,Hunter,1600,,2,Vault,true,false,5,17,,6,10,14,23,2,8,63,6,10,14,23,2,8,63,,,,Upgrade Armor*,*,*,*,*,,,,,,,,
Unyielding Favor Strides,4290220099,"""6917529880483005492""",favorite,Legendary,Leg Armor,seasonpass,Hunter,1789,,2,Vault,false,false,6,20,,8,2,22,18,2,12,64,8,2,22,18,2,12,64,,,,Upgrade Armor*,*,*,*,*,Queen's Favor*,,,,,,,
Mk. 44 Stand Asides,136355432,"""6917529145015265740""",keep,Exotic,Leg Armor,,Titan,1600,,1,Vault,false,false,1,2,,13,7,6,6,6,12,50,13,7,6,6,6,12,50,,,,Upgrade Armor*,*,*,*,*,"Seriously, Watch Out*",,,,,,,
Iron Companion Boots,2931145020,"""6917529852811560481""",favorite,Legendary,Leg Armor,ironbanner,Hunter,1600,,2,Vault,true,false,5,19,,19,11,2,10,2,20,64,19,11,2,10,2,20,64,,,,Upgrade Armor*,*,*,*,*,Iron Lord's Pride*,,,,,,,
Raiju's Harness,2268523867,"""6917529710659853811""",keep,Exotic,Chest Armor,,Hunter,1600,,1,Vault,true,false,3,10,,9,6,18,6,14,12,65,9,6,18,6,14,12,65,,,,Upgrade Armor*,*,*,*,*,Mobius Conduit*,,,,,,,
Iron Forerunner Vestments,1821747970,"""6917529620023213838""",favorite,Legendary,Chest Armor,ironbanner,Warlock,1600,,1,Vault,true,false,4,15,,12,2,19,15,9,8,65,12,2,19,15,9,8,65,,,,Upgrade Armor*,*,*,*,*,Iron Lord's Pride*,,,,,,,
Warmind's Avatar Mask,648266032,"""6917529855622047107""",favorite,Legendary,Helmet,rasputin,Hunter,1600,,10,Vault,true,false,5,19,,4,4,28,4,4,29,73,2,2,26,2,2,27,61,,,,Upgrade Armor*,*,*,*,*,Iron Companion Mask*,Seraph Sensor Array*,,,,,,
Lucky Pants,193869522,"""6917529889810448701""",,Exotic,Leg Armor,,Hunter,1805,,2,Vault,false,false,1,1,,16,7,8,2,27,2,62,16,7,8,2,27,2,62,,,,Upgrade Armor*,*,*,*,*,Illegally Modded Holster*,,,,,,,
Eidolon Pursuant Handguards,2489136103,"""6917529851621968026""",favorite,Legendary,Gauntlets,haunted,Hunter,1600,,1,Vault,true,false,5,17,,10,20,2,2,26,2,62,10,20,2,2,26,2,62,,,,Upgrade Armor*,*,*,*,*,Visage of the Reaper*,,,,,,,
Atavistic Idol Strides,162269058,"""6917529850460469902""",favorite,Legendary,Leg Armor,trials,Hunter,1785,,2,Vault,true,false,5,17,,2,10,21,7,17,7,64,2,10,21,7,17,7,64,,,,Upgrade Armor*,*,*,*,*,,,,,,,,
Holdfast Greaves,1131831128,"""6917529542835390559""",favorite,Legendary,Leg Armor,seasonpass,Titan,1600,,9,Vault,true,false,3,11,,2,2,29,23,8,2,66,2,2,29,23,8,2,66,,,,Amethyst Veil*,Upgrade Armor*,*,*,*,*,,,,,,,
Iron Forerunner Vest,1615052875,"""6917529490901314059""",favorite,Legendary,Chest Armor,ironbanner,Hunter,1600,,10,Vault,true,false,4,15,,30,4,4,19,15,4,76,28,2,2,17,13,2,64,,,,Deprecated Armor Mod*,Deprecated Armor Mod*,Regal Daring*,Upgrade Armor*,*,*,*,*,Vest of the Exile*,Iron Lord's Pride*,,,
Orpheus Rig,193869523,"""6917529889837083945""",,Exotic,Leg Armor,,Hunter,1805,,1,Vault,false,false,1,1,,15,8,8,9,15,6,61,15,8,8,9,15,6,61,,,,Upgrade Armor*,*,*,*,*,Uncanny Arrows*,,,,,,,
The Path of Burning Steps,1453120846,"""6917529542830377958""",keep,Exotic,Leg Armor,lostsectors,Titan,1600,,10,Vault,false,false,4,14,,17,4,16,4,16,18,75,15,2,14,2,14,16,63,,,,Deprecated Armor Mod*,Upgrade Armor*,*,*,*,*,Firewalker*,,,,,,
Simulator Grips,79417130,"""6917529708290328037""",favorite,Legendary,Gauntlets,fwc,Hunter,1600,,10,Vault,true,false,3,10,,4,9,25,4,32,4,78,2,7,23,2,30,2,66,,pvp,,Regal Daring*,Upgrade Armor*,*,*,*,*,Iron Forerunner Grips*,,,,,,
Deep Explorer Grasps,1148597205,"""6917529876482277454""",favorite,Legendary,Gauntlets,duality,Hunter,1804,,10,Vault,true,false,5,17,,4,33,4,32,4,9,86,2,28,2,20,2,7,61,artifice,"Strike, Beta, Arc",,Discipline Mod*,Heavy Handed*,Grenade Kickstart*,Firepower*,Upgrade Armor*,*,*,*,*,Resilience-Forged*,Artifice Armor*,,
One-Eyed Mask,2578771006,"""6917529131559743019""",keep,Exotic,Helmet,,Titan,1600,,3,Vault,false,false,2,4,,6,7,13,6,6,10,48,6,7,13,6,6,10,48,,,,Upgrade Armor*,*,*,*,*,Vengeance*,,,,,,,
Eidolon Pursuant Handguards,2489136103,"""6917529790967547199""",favorite,Legendary,Gauntlets,haunted,Hunter,1600,,10,Vault,true,false,5,17,,8,14,18,31,4,4,79,6,12,16,29,2,2,67,,,,Upgrade Armor*,*,*,*,*,Visage of the Reaper*,,,,,,,
Veritas Strides,2809748888,"""6917529850788189754""",favorite,Legendary,Leg Armor,throneworld,Hunter,1600,,6,Vault,true,false,5,16,,2,2,28,8,16,6,62,2,2,28,8,16,6,62,,,,Upgrade Armor*,*,*,*,*,,,,,,,,
Corrupting Echo Robes,2515293448,"""6917529729586277394""",favorite,Legendary,Chest Armor,30th,Warlock,1600,,7,Vault,true,false,4,15,,2,26,6,2,6,26,68,2,26,6,2,6,26,68,,,,Regal Daring*,Upgrade Armor*,*,*,*,*,Painted Kitsune Robes*,,,,,,
Insight Vikti Robes,2364041279,"""6917529587557349901""",favorite,Legendary,Chest Armor,legendaryengram,Warlock,1600,,10,Vault,true,false,3,11,,4,11,23,18,17,4,77,2,9,21,16,15,2,65,,grasp,,Upgrade Armor*,*,*,*,*,,,,,,,,
Deep Explorer Grasps,1148597205,"""6917529803828567760""",favorite,Legendary,Gauntlets,duality,Hunter,1803,,10,Vault,true,false,5,17,,28,4,18,28,4,9,91,16,2,16,23,2,7,66,artifice,PvP,,Mobility Mod*,Firepower*,Arc Loader*,Solar Loader*,Erebos Glance*,Upgrade Armor*,*,*,*,*,Iron Forerunner Grips*,Discipline-Forged*,Artifice Armor*
TM-Earp Custom Vest,4288623897,"""6917529855371874566""",favorite,Legendary,Chest Armor,dungeon,Hunter,1600,,3,Vault,true,false,5,19,,14,2,16,9,8,16,65,14,2,16,9,8,16,65,artifice,,,Upgrade Armor*,*,*,*,*,Artifice Armor*,,,,,,,
Gensym Knight Cuirass,1156579431,"""6917529789746529115""",favorite,Legendary,Chest Armor,,Hunter,1600,,1,Vault,true,false,4,15,,30,2,2,8,15,9,66,30,2,2,8,15,9,66,,,,Upgrade Armor*,*,*,*,*,,,,,,,,
Twisting Echo Strides,337875583,"""6917529545354019245""",favorite,Legendary,Leg Armor,30th,Hunter,1600,,10,Vault,true,false,4,15,,28,4,8,9,24,4,77,26,2,6,7,22,2,65,,,,Deprecated Armor Mod*,Regal Daring*,Upgrade Armor*,*,*,*,*,Iron Forerunner Strides*,,,,,
Mechaneer's Tricksleeves,1734144409,"""6917529539308170123""",keep,Exotic,Gauntlets,,Hunter,1600,,1,Vault,false,false,1,1,,4,2,30,16,13,2,67,4,2,30,16,13,2,67,,,,Upgrade Armor*,*,*,*,*,Spring-Loaded Mounting*,,,,,,,
Aeon Swift,3942036043,"""6917529889510950499""",,Exotic,Gauntlets,,Hunter,1805,,4,Vault,false,false,1,2,,17,3,14,7,15,10,66,17,3,14,7,15,10,66,,,,Upgrade Armor*,*,*,*,*,Sect of Force*,,,,,,,
Dreambane Vest,3434445392,"""6917529856798657711""",favorite,Legendary,Chest Armor,moon,Hunter,1600,,7,Vault,true,false,4,13,,2,23,7,24,7,2,65,2,23,7,24,7,2,65,nightmare,,,Upgrade Armor*,*,*,*,*,,,,,,,,
Iron Companion Greaves,2237216282,"""6917529853000736828""",favorite,Legendary,Leg Armor,ironbanner,Titan,1600,,5,Vault,true,false,5,19,,16,16,2,7,6,19,66,16,16,2,7,6,19,66,,,,Upgrade Armor*,*,*,*,*,Iron Lord's Pride*,,,,,,,
Mouth of Ur,1537426592,"""6917529820944409869""",favorite,Legendary,Helmet,kf,Warlock,1600,,1,Vault,true,false,5,18,,16,7,9,15,9,7,63,16,7,9,15,9,7,63,kingsfall,,,Upgrade Armor*,*,*,*,*,,,,,,,,
Athrys's Embrace,2415768376,"""6917529889541472390""",,Exotic,Gauntlets,lostsectors,Hunter,1805,,2,Vault,false,false,4,12,,22,2,7,12,2,18,63,22,2,7,12,2,18,63,,,,Upgrade Armor*,*,*,*,*,Skittering Stinger*,,,,,,,
Gensym Knight Casque,1707236192,"""6917529789768050745""",favorite,Legendary,Helmet,,Hunter,1600,,10,Vault,true,false,4,15,,4,40,4,4,4,29,85,2,28,2,2,2,27,63,,,,Resilience Mod*,Regal Daring*,Upgrade Armor*,*,*,*,*,Iron Truage Casque*,,,,,
Resonant Fury Robes,3300312357,"""6917529680082526862""",,Legendary,Chest Armor,votd,Warlock,1600,,4,Vault,false,false,5,16,,16,7,8,13,2,15,61,16,7,8,13,2,15,61,vowofthedisciple,,,Upgrade Armor*,*,*,*,*,,,,,,,,
Dreambane Vest,3434445392,"""6917529857223103994""",favorite,Legendary,Chest Armor,moon,Hunter,1600,,10,Vault,true,false,4,13,,4,25,10,14,4,31,88,2,23,8,2,2,29,66,nightmare,,,Discipline Mod*,Upgrade Armor*,*,*,*,*,,,,,,,
Veritas Vest,1660918514,"""6917529812612097697""",favorite,Legendary,Chest Armor,throneworld,Hunter,1794,,10,Vault,true,false,5,16,,28,4,18,4,27,8,89,16,2,16,2,25,6,67,,"D2ArmorPicker Loadout, pvp",,Mobility Mod*,Unflinching Void Aim*,Unflinching Kinetic Aim*,Unflinching Void Aim*,Iron Countershade*,Upgrade Armor*,*,*,*,*,Iron Fellowship Vest*,,
Icefall Mantle,1467044898,"""6917529802851520808""",keep,Exotic,Gauntlets,lostsectors,Titan,1600,,3,Vault,false,false,4,12,,8,16,6,19,10,2,61,8,16,6,19,10,2,61,,,,Upgrade Armor*,*,*,*,*,Glacial Guard*,,,,,,,
Young Ahamkara's Spine,475652357,"""6917529852364212663""",keep,Exotic,Gauntlets,,Hunter,1600,,4,Vault,false,false,1,1,,12,11,11,18,6,6,64,12,11,11,18,6,6,64,,,,Upgrade Armor*,*,*,*,*,Wish-Dragon Teeth*,,,,,,,
TM-Earp Custom Hood,2976233114,"""6917529887227305635""",favorite,Legendary,Helmet,dungeon,Hunter,1800,,5,Vault,false,false,5,19,,20,9,2,2,12,20,65,20,9,2,2,12,20,65,,,,Upgrade Armor*,*,*,*,*,,,,,,,,
Deep Explorer Strides,2364756343,"""6917529879509448076""",favorite,Legendary,Leg Armor,duality,Hunter,1787,,2,Vault,true,false,5,17,,2,14,14,7,6,20,63,2,14,14,7,6,20,63,,,,Upgrade Armor*,*,*,*,*,,,,,,,,
Unyielding Favor Mask,2598029856,"""6917529889510942709""",favorite,Legendary,Helmet,seasonpass,Hunter,1805,,3,Vault,false,false,6,20,,20,2,10,15,15,2,64,20,2,10,15,15,2,64,,,,Upgrade Armor*,*,*,*,*,Queen's Favor*,,,,,,,
Legacy's Oath Gauntlets,1887490701,"""6917529848502958246""",favorite,Legendary,Gauntlets,deepstonecrypt,Titan,1600,,3,Vault,true,false,4,12,,2,21,7,17,2,14,63,2,21,7,17,2,14,63,deepstonecrypt,,,Upgrade Armor*,*,*,*,*,,,,,,,,
Winter's Guile,3844826443,"""6917529874558938199""",,Exotic,Gauntlets,,Warlock,1772,,3,Vault,false,false,1,1,,6,11,15,2,13,15,62,6,11,15,2,13,15,62,,,,Upgrade Armor*,*,*,*,*,Warlord's Sigil*,,,,,,,
Robes of the Great Hunt,4241329310,"""6917529582929975346""",favorite,Legendary,Chest Armor,lastwish,Warlock,1600,,1,Vault,true,false,4,12,,15,2,14,16,16,2,65,15,2,14,16,16,2,65,lastwish,,,Upgrade Armor*,*,*,*,*,,,,,,,,
Foetracer,896224899,"""6917529710733203895""",keep,Exotic,Helmet,,Hunter,1801,,10,Vault,false,false,1,1,,6,12,32,25,9,4,88,4,10,20,23,7,2,66,,"pvp, PvP",,Recovery Mod*,Arc Targeting*,Kinetic Targeting*,Iron Countershade*,Upgrade Armor*,*,*,*,*,Relentless Tracker*,,,
Dreambane Strides,328467570,"""6917529856836438654""",favorite,Legendary,Leg Armor,moon,Hunter,1600,,10,Vault,true,false,4,13,,4,28,8,18,14,8,80,2,26,6,16,12,6,68,nightmare,,,Upgrade Armor*,*,*,*,*,,,,,,,,
Celestial Nighthawk,1321354573,"""6917529539308168135""",keep,Exotic,Helmet,,Hunter,1800,,10,Vault,false,false,1,1,,12,17,11,11,20,8,79,10,15,9,9,18,6,67,,,,Upgrade Armor*,*,*,*,*,Hawkeye Hack*,,,,,,,
Dreambane Grips,2293199928,"""6917529857199015208""",favorite,Legendary,Gauntlets,moon,Hunter,1600,,7,Vault,true,false,4,13,,2,26,2,20,12,2,64,2,26,2,20,12,2,64,nightmare,,,Upgrade Armor*,*,*,*,*,,,,,,,,
Mask of Bakris,1619425569,"""6917529880068417246""",keep,Exotic,Helmet,lostsectors,Hunter,1791,,1,Vault,false,false,4,12,,20,6,6,6,10,14,62,20,6,6,6,10,14,62,,,,Upgrade Armor*,*,*,*,*,Light Shift*,,,,,,,
Assassin's Cowl,2203146422,"""6917529476068262927""",junk,Exotic,Helmet,campaign,Hunter,1800,,10,Vault,true,false,3,8,,16,14,17,10,16,11,84,14,2,15,8,14,9,62,,"Arc Heist All Champs, Strike",,Resilience Mod*,Hands-On*,Powerful Friends*,Harmonic Siphon*,Spectral Indigo*,Upgrade Armor*,*,*,*,*,Gilded Memento*,Vanishing Execution*,
Nezarec's Sin,3381022971,"""6917529205710188993""",keep,Exotic,Helmet,,Warlock,1600,,1,Vault,false,false,1,1,,6,9,17,10,19,2,63,6,9,17,10,19,2,63,,,,Upgrade Armor*,*,*,*,*,Abyssal Extractors*,,,,,,,
Gwisin Vest,1474735276,"""6917529506279560104""",,Exotic,Chest Armor,,Hunter,1600,,1,Vault,false,false,2,4,,4,10,21,13,16,2,66,4,10,21,13,16,2,66,,,,Upgrade Armor*,*,*,*,*,Roving Assassin*,,,,,,,
Lucky Raspberry,903984858,"""6917529889535159030""",,Exotic,Chest Armor,,Hunter,1805,,1,Vault,false,false,1,1,,22,7,6,14,12,2,63,22,7,6,14,12,2,63,,,,Upgrade Armor*,*,*,*,*,Probability Matrix*,,,,,,,
Warmind's Avatar Vest,4116381015,"""6917529851436097462""",favorite,Legendary,Chest Armor,rasputin,Hunter,1805,,10,Vault,true,false,5,19,,4,32,4,34,8,8,90,2,30,2,22,6,6,68,,"Strike, Beta, Arc",,Discipline Mod*,Charged Up*,Charged Up*,Harmonic Resistance*,Rustberry*,Upgrade Armor*,*,*,*,*,Hardened Basilisk Vest*,Seraph Sensor Array*,
Skull of Dire Ahamkara,1030017949,"""6917529128823015271""",,Exotic,Helmet,,Warlock,1600,,1,Vault,false,false,1,1,,10,3,11,22,2,2,50,10,3,11,22,2,2,50,,,,Upgrade Armor*,*,*,*,*,Actual Grandeur*,,,,,,,
Deep Explorer Vest,145651147,"""6917529768035424655""",favorite,Legendary,Chest Armor,duality,Hunter,1803,,10,Vault,true,false,5,17,,25,8,17,23,4,11,88,23,6,2,21,2,9,63,artifice,"Arc Heist All Champs, PvP",,Recovery Mod*,Unflinching Arc Aim*,Unflinching Kinetic Aim*,Erebos Glance*,Upgrade Armor*,*,*,*,*,Iron Companion Vest*,Recovery-Forged*,Artifice Armor*,
Holdfast Robes,119457531,"""6917529197500331043""",favorite,Legendary,Chest Armor,seasonpass,Warlock,1600,,9,Vault,true,false,3,11,,7,7,18,6,19,8,65,7,7,18,6,19,8,65,,,,Upgrade Armor*,*,*,*,*,,,,,,,,
TM-Earp Custom Vest,597199405,"""6917529855385109737""",favorite,Legendary,Chest Armor,dungeon,Hunter,1600,,1,Vault,true,false,5,19,,14,17,2,6,2,22,63,14,17,2,6,2,22,63,,,,Upgrade Armor*,*,*,*,*,,,,,,,,
Errant Knight 1.0,3166972772,"""6917529790820079648""",favorite,Legendary,Leg Armor,legendaryengram,Hunter,1804,,10,Vault,true,false,4,12,,20,4,8,24,4,4,64,18,2,6,22,2,2,52,,PvP,,Kinetic Weapon Surge*,Kinetic Weapon Surge*,Kinetic Weapon Surge*,Skele-Ghaul*,Upgrade Armor*,*,*,*,*,Iron Forerunner Strides*,,,
Legacy's Oath Greaves,2558289743,"""6917529711084427796""",favorite,Legendary,Leg Armor,deepstonecrypt,Titan,1600,,9,Vault,true,false,4,12,,23,2,6,2,20,12,65,23,2,6,2,20,12,65,deepstonecrypt,,,Upgrade Armor*,*,*,*,*,,,,,,,,
Resonant Fury Robes,3300312357,"""6917529719977361726""",,Legendary,Chest Armor,votd,Warlock,1600,,1,Vault,true,false,5,16,,11,10,12,9,22,2,66,11,10,12,9,22,2,66,vowofthedisciple,,,Upgrade Armor*,*,*,*,*,,,,,,,,
Iron Forerunner Gloves,164221422,"""6917529619379836697""",favorite,Legendary,Gauntlets,ironbanner,Warlock,1600,,5,Vault,true,false,4,15,,2,8,21,16,6,12,65,2,8,21,16,6,12,65,,Fusion Nade Build,,Upgrade Armor*,*,*,*,*,Iron Lord's Pride*,,,,,,,
Skull of Dire Ahamkara,1030017949,"""6917529851635492727""",keep,Exotic,Helmet,,Warlock,1600,,1,Vault,false,false,1,1,,2,11,20,17,13,2,65,2,11,20,17,13,2,65,,,,Upgrade Armor*,*,*,*,*,Actual Grandeur*,,,,,,,
Resonant Fury Robes,3300312357,"""6917529769187386596""",,Legendary,Chest Armor,votd,Warlock,1600,,5,Vault,false,false,5,16,,12,6,13,14,2,14,61,12,6,13,14,2,14,61,vowofthedisciple,,,Upgrade Armor*,*,*,*,*,,,,,,,,
Fr0st-EE5,609852545,"""6917529811897335109""",keep,Exotic,Leg Armor,,Hunter,1806,,7,Vault,false,false,1,3,,18,10,6,24,2,14,74,18,10,6,14,2,14,64,,,,Discipline Mod*,Solar Weapon Surge*,Solar Weapon Surge*,Solar Weapon Surge*,Safety First*,Upgrade Armor*,*,*,*,*,Rapid Cooldown*,,
Lucky Pants,193869522,"""6917529889523933672""",,Exotic,Leg Armor,,Hunter,1805,,3,Vault,false,false,1,1,,18,3,14,16,9,7,67,18,3,14,16,9,7,67,,,,Upgrade Armor*,*,*,*,*,Illegally Modded Holster*,,,,,,,
Geomag Stabilizers,121305948,"""6917529144343630763""",keep,Exotic,Leg Armor,,Warlock,1600,,1,Vault,false,false,2,4,,18,9,4,15,12,2,60,18,9,4,15,12,2,60,,,,Upgrade Armor*,*,*,*,*,Close Enough*,,,,,,,
Lunafaction Boots,4136768282,"""6917529555458479105""",keep,Exotic,Leg Armor,,Warlock,1600,,6,Vault,false,false,1,1,,12,7,15,2,20,12,68,12,7,15,2,20,12,68,,,,Upgrade Armor*,*,*,*,*,Alchemical Etchings*,,,,,,,
TM-Earp Custom Hood,2976233114,"""6917529852211492329""",favorite,Legendary,Helmet,dungeon,Hunter,1600,,3,Vault,true,false,5,19,,9,8,15,12,20,2,66,9,8,15,12,20,2,66,,,,Upgrade Armor*,*,*,*,*,,,,,,,,
Star-Eater Scales,1001356380,"""6917529719764279600""",keep,Exotic,Leg Armor,lostsectors,Hunter,1600,,10,Vault,false,false,4,14,,12,13,12,8,32,8,85,10,11,10,6,20,6,63,,"Beta, Arc",,Intellect Mod*,Solar Weapon Surge*,Solar Weapon Surge*,Solar Weapon Surge*,Regal Daring*,Upgrade Armor*,*,*,*,*,Feast of Light*,,
Boots of the Assembler,3045642045,"""6917529617999146054""",keep,Exotic,Leg Armor,lostsectors,Warlock,1600,,4,Vault,false,false,4,14,,7,6,19,8,7,17,64,7,6,19,8,7,17,64,,,,Upgrade Armor*,*,*,*,*,Blessing of Order*,,,,,,,
TM-Earp Custom Chaps,3715136417,"""6917529855352799323""",favorite,Legendary,Leg Armor,dungeon,Hunter,1600,,1,Vault,true,false,5,19,,14,9,7,2,21,9,62,14,9,7,2,21,9,62,artifice,,,Upgrade Armor*,*,*,*,*,Artifice Armor*,,,,,,,
Shinobu's Vow,1053737370,"""6917529481502379410""",keep,Exotic,Gauntlets,,Hunter,1600,,7,Vault,false,false,1,2,,20,9,6,24,6,2,67,20,9,6,24,6,2,67,,,,Upgrade Armor*,*,*,*,*,New Tricks*,,,,,,,
Shards of Galanor,691578979,"""6917529850983477036""",keep,Exotic,Gauntlets,,Hunter,1600,,5,Vault,false,false,2,4,,13,20,2,2,14,14,65,13,20,2,2,14,14,65,,,,Regal Daring*,Upgrade Armor*,*,*,*,*,Sharp Edges*,,,,,,
Crushing Helm (CODA),3976073347,"""6917529448381618978""",favorite,Legendary,Helmet,dungeon,Titan,1600,,10,Vault,true,false,3,11,,4,4,31,4,19,15,77,2,2,29,2,17,13,65,,,,Regal Daring*,Upgrade Armor*,*,*,*,*,Iron Will Helm*,,,,,,
The Bombardiers,1219761634,"""6917529864827261023""",keep,Exotic,Leg Armor,,Hunter,1600,,5,Vault,false,false,3,9,,19,2,9,15,6,12,63,19,2,9,15,6,12,63,,,,Upgrade Armor*,*,*,*,*,Parting Gift*,,,,,,,
Vest of the Great Hunt,2180477077,"""6917529716025899500""",favorite,Legendary,Chest Armor,lastwish,Hunter,1600,,10,Vault,true,false,4,12,,19,15,4,31,4,4,77,17,13,2,29,2,2,65,lastwish,,,Upgrade Armor*,*,*,*,*,,,,,,,,
Iron Forerunner Gauntlets,3570243433,"""6917529622582483727""",favorite,Legendary,Gauntlets,ironbanner,Titan,1600,,9,Vault,false,false,4,15,,13,2,17,11,2,18,63,13,2,17,11,2,18,63,,,,Upgrade Armor*,*,*,*,*,Iron Lord's Pride*,,,,,,,
Lucky Raspberry,903984858,"""6917529861170916327""",keep,Exotic,Chest Armor,,Hunter,1600,,2,Vault,false,false,1,1,,12,22,2,16,6,9,67,12,22,2,16,6,9,67,,,,Upgrade Armor*,*,*,*,*,Probability Matrix*,,,,,,,
Lion Rampant,3539357318,"""6917529139906751590""",keep,Exotic,Leg Armor,,Titan,1600,,9,Vault,true,false,1,1,,16,8,2,6,12,6,50,16,8,2,6,12,6,50,,,,Upgrade Armor*,*,*,*,*,Jump Jets*,,,,,,,
TM-Earp Custom Chaps,2839517205,"""6917529844611047890""",favorite,Legendary,Leg Armor,dungeon,Hunter,1600,,1,Vault,true,false,5,19,,2,7,23,16,2,16,66,2,7,23,16,2,16,66,,,,Upgrade Armor*,*,*,*,*,,,,,,,,
Foetracer,896224899,"""6917529861175591787""",,Exotic,Helmet,,Hunter,1600,,10,Vault,false,false,1,1,,10,24,4,4,15,18,75,8,22,2,2,13,16,63,,D2ArmorPicker Loadout,,Upgrade Armor*,*,*,*,*,Relentless Tracker*,,,,,,,
Mask of the Quiet One,3883866764,"""6917529798180241656""",keep,Exotic,Helmet,,Titan,1600,,3,Vault,false,false,1,1,,11,8,14,6,22,6,67,11,8,14,6,22,6,67,,,,Upgrade Armor*,*,*,*,*,Dreaded Visage*,,,,,,,
Noble Constant Type 2,4258405681,"""6917529805353361063""",favorite,Legendary,Chest Armor,ikora,Titan,1600,,4,Vault,true,false,4,12,,7,7,14,6,21,2,57,7,7,14,6,21,2,57,,,,Upgrade Armor*,*,*,*,*,,,,,,,,
Plate of Transcendence,3876398589,"""6917529216610356444""",favorite,Legendary,Chest Armor,garden,Titan,1600,,9,Vault,true,false,4,12,,6,2,24,9,18,6,65,6,2,24,9,18,6,65,gardenofsalvation,,,Upgrade Armor*,*,*,*,*,,,,,,,,
Plate of Transcendence,3876398589,"""6917529801639789530""",favorite,Legendary,Chest Armor,garden,Titan,1600,,3,Vault,true,false,4,12,,7,16,9,28,2,2,64,7,16,9,28,2,2,64,gardenofsalvation,,,Amethyst Veil*,Upgrade Armor*,*,*,*,*,Epialos Following Plate*,,,,,,
Retro-Grade TG2,331602521,"""6917529779463686511""",favorite,Legendary,Chest Armor,legendaryengram,Titan,1600,,9,Vault,true,false,4,15,,2,2,23,2,7,18,54,2,2,23,2,7,18,54,,,,Upgrade Armor*,*,*,*,*,,,,,,,,
Chromatic Fire,4057299718,"""6917529197977119860""",keep,Exotic,Chest Armor,,Warlock,1600,,1,Vault,false,false,2,4,,6,10,18,13,2,18,67,6,10,18,13,2,18,67,,,,Upgrade Armor*,*,*,*,*,Crystalline Transistor*,,,,,,,
Dreambane Strides,328467570,"""6917529856816405135""",favorite,Legendary,Leg Armor,moon,Hunter,1600,,7,Vault,true,false,4,13,,2,23,7,2,23,8,65,2,23,7,2,23,8,65,nightmare,,,Upgrade Armor*,*,*,*,*,,,,,,,,
Candescent Greaves,2644573111,"""6917529799371334109""",favorite,Legendary,Leg Armor,events,Titan,1600,,4,Vault,true,false,5,17,Solstice,2,24,6,16,12,2,62,2,24,6,16,12,2,62,,,,Flower Child*,Upgrade Armor*,*,*,*,*,Epialos Following Greaves*,,,,,,
Phoenix Protocol,4057299719,"""6917529211281389771""",keep,Exotic,Chest Armor,,Warlock,1600,,10,Vault,false,false,2,4,,13,8,19,4,16,14,74,11,6,17,2,14,12,62,,,,Upgrade Armor*,*,*,*,*,Battle-Hearth*,,,,,,,
Hood of the Great Hunt,3445582154,"""6917529196498533655""",favorite,Legendary,Helmet,lastwish,Warlock,1600,,8,Vault,true,false,3,11,,6,6,19,7,22,2,62,6,6,19,7,22,2,62,lastwish,,,Upgrade Armor*,*,*,*,*,,,,,,,,